Id,Predicted
1421,2732
1422,2779
1423,3862
1424,4427
1425,2895
1426,3988
1427,2702
1428,2566
1429,2771
1430,3802
1431,4213
1432,2546
1433,2441
1434,2685
1435,2870
1436,3093
1437,4439
1438,4838
1439,3645
1440,3935
1441,4615
1442,4941
1443,6274
1444,6965
1445,4999
1446,3590
1447,3961
1448,4003
1449,4810
1450,4630
1451,4836
1452,3110
1453,2905
1454,2707
1455,3058
1456,4090
1457,4174
1458,2695
1459,2354
1460,2358
1461,2403
1462,2596
1463,3852
1464,4138
1465,2565
1466,2354
1467,2379
1468,2163
1469,2389
1470,3880
1471,4221
1472,2553
1473,2121
1474,2201
1475,2101
1476,2432
1477,3490
1478,3779
1479,2341
1480,2350
1481,2725
1482,2605
1483,2918
1484,4185
1485,4216
1486,2744
1487,2562
1488,2757
1489,2326
1490,2694
1491,3539
1492,3977
1493,2887
1494,3094
1495,2299
1496,2355
1497,2483
1498,3884
1499,3153
1500,2454
1501,2280
1502,2330
1503,2461
1504,2723
1505,3639
1506,3157
1507,3273
1508,3615
2930,2319
2931,2611
2932,3484
2933,3487
2934,2628
2935,2570
2936,2416
2937,2302
2938,2681
2939,3308
2940,3211
2941,2452
2942,2407
2943,2572
2944,2702
2945,3008
2946,3719
2947,3845
2948,3063
2949,3557
2950,4181
2951,4467
2952,5079
2953,4767
2954,3719
2955,2878
2956,3265
2957,3051
2958,3826
2959,3388
2960,3835
2961,2725
2962,2620
2963,2335
2964,2634
2965,3416
2966,3167
2967,2286
2968,2216
2969,2168
2970,2076
2971,2489
2972,3270
2973,3086
2974,2203
2975,2075
2976,2107
2977,1909
2978,2297
2979,3204
2980,2956
2981,2248
2982,2106
2983,2021
2984,1901
2985,2324
2986,3112
2987,2883
2988,2120
2989,2158
2990,2333
2991,2195
2992,2524
2993,3207
2994,3067
2995,2437
2996,2662
2997,2443
2998,2123
2999,2595
3000,3172
3001,2938
3002,2853
3003,2791
3004,2082
3005,1961
3006,2279
3007,3250
3008,2627
3009,2180
3010,2182
3011,1976
3012,2163
3013,2399
3014,3036
3015,2379
3016,2539
3017,2651
