id,date,store_nbr,onpromotion_store,transactions
0,2013-01-02,48,0,3397
1,2013-01-03,48,0,2887
2,2013-01-04,48,0,2900
3,2013-01-05,48,0,4084
4,2013-01-06,48,0,4591
5,2013-01-07,48,0,2697
6,2013-01-08,48,0,2320
7,2013-01-09,48,0,2316
8,2013-01-10,48,0,2212
9,2013-01-11,48,0,2396
10,2013-01-12,48,0,3355
11,2013-01-13,48,0,3993
12,2013-01-14,48,0,2223
13,2013-01-15,48,0,2275
14,2013-01-16,48,0,2343
15,2013-01-17,48,0,2234
16,2013-01-18,48,0,2341
17,2013-01-19,48,0,3392
18,2013-01-20,48,0,4044
19,2013-01-21,48,0,2428
20,2013-01-22,48,0,2130
21,2013-01-23,48,0,2179
22,2013-01-24,48,0,1972
23,2013-01-25,48,0,2262
24,2013-01-26,48,0,3628
25,2013-01-27,48,0,3977
26,2013-01-28,48,0,2308
27,2013-01-29,48,0,2134
28,2013-01-30,48,0,2207
29,2013-01-31,48,0,2432
30,2013-02-01,48,0,2911
31,2013-02-02,48,0,4118
32,2013-02-03,48,0,4193
33,2013-02-04,48,0,2840
34,2013-02-05,48,0,2734
35,2013-02-06,48,0,2719
36,2013-02-07,48,0,2578
37,2013-02-08,48,0,2828
38,2013-02-09,48,0,3455
39,2013-02-10,48,0,3048
40,2013-02-11,48,0,2939
41,2013-02-12,48,0,3483
42,2013-02-13,48,0,2819
43,2013-02-14,48,0,3263
44,2013-02-15,48,0,2761
45,2013-02-16,48,0,3832
46,2013-02-17,48,0,3400
47,2013-02-18,48,0,2784
48,2013-02-19,48,0,2095
49,2013-02-20,48,0,2367
50,2013-02-21,48,0,2040
51,2013-02-22,48,0,2238
52,2013-02-23,48,0,3354
53,2013-02-24,48,0,3939
54,2013-02-25,48,0,2291
55,2013-02-26,48,0,2042
56,2013-02-27,48,0,2175
57,2013-02-28,48,0,2268
58,2013-03-01,48,0,2801
59,2013-03-02,48,0,4108
60,2013-03-03,48,0,4489
61,2013-03-04,48,0,2816
62,2013-03-05,48,0,2394
63,2013-03-06,48,0,2505
64,2013-03-07,48,0,2442
65,2013-03-08,48,0,2680
66,2013-03-09,48,0,3633
67,2013-03-10,48,0,4115
68,2013-03-11,48,0,2429
69,2013-03-12,48,0,2111
70,2013-03-13,48,0,2271
71,2013-03-14,48,0,2214
72,2013-03-15,48,0,2477
73,2013-03-16,48,0,3887
74,2013-03-17,48,0,4601
75,2013-03-18,48,0,2489
76,2013-03-19,48,0,2292
77,2013-03-20,48,0,2361
78,2013-03-21,48,0,2183
79,2013-03-22,48,0,2256
80,2013-03-23,48,0,3699
81,2013-03-24,48,0,3952
82,2013-03-25,48,0,2308
83,2013-03-26,48,0,2110
84,2013-03-27,48,0,2322
85,2013-03-28,48,0,2729
86,2013-03-29,48,0,3319
87,2013-03-30,48,0,3986
88,2013-03-31,48,0,4017
89,2013-04-01,48,0,2885
90,2013-04-02,48,0,2477
91,2013-04-03,48,0,2506
92,2013-04-04,48,0,2414
93,2013-04-05,48,0,2475
94,2013-04-06,48,0,3921
95,2013-04-07,48,0,4267
96,2013-04-08,48,0,2437
97,2013-04-09,48,0,2187
98,2013-04-10,48,0,2403
99,2013-04-11,48,0,2393
100,2013-04-12,48,0,2477
101,2013-04-13,48,0,3735
102,2013-04-14,48,0,4362
103,2013-04-15,48,0,2557
104,2013-04-16,48,0,2452
105,2013-04-17,48,0,2397
106,2013-04-18,48,0,2237
107,2013-04-19,48,0,2510
108,2013-04-20,48,0,3646
109,2013-04-21,48,0,4444
110,2013-04-22,48,0,2548
111,2013-04-23,48,0,2394
112,2013-04-24,48,0,2459
113,2013-04-25,48,0,2237
114,2013-04-26,48,0,2398
115,2013-04-27,48,0,3670
116,2013-04-28,48,0,4410
117,2013-04-29,48,0,2473
118,2013-04-30,48,0,2371
119,2013-05-01,48,0,4636
120,2013-05-02,48,0,2538
121,2013-05-03,48,0,2703
122,2013-05-04,48,0,4247
123,2013-05-05,48,0,4547
124,2013-05-06,48,0,2665
125,2013-05-07,48,0,2474
126,2013-05-08,48,0,2516
127,2013-05-09,48,0,2474
128,2013-05-10,48,0,2617
129,2013-05-11,48,0,4686
130,2013-05-12,48,0,4185
131,2013-05-13,48,0,2350
132,2013-05-14,48,0,2099
133,2013-05-15,48,0,2417
134,2013-05-16,48,0,2329
135,2013-05-17,48,0,2501
136,2013-05-18,48,0,3537
137,2013-05-19,48,0,4138
138,2013-05-20,48,0,2457
139,2013-05-21,48,0,2167
140,2013-05-22,48,0,2241
141,2013-05-23,48,0,2307
142,2013-05-24,48,0,2741
143,2013-05-25,48,0,3382
144,2013-05-26,48,0,3882
145,2013-05-27,48,0,2284
146,2013-05-28,48,0,2155
147,2013-05-29,48,0,2199
148,2013-05-30,48,0,2379
149,2013-05-31,48,0,2617
150,2013-06-01,48,0,4323
151,2013-06-02,48,0,4263
152,2013-06-03,48,0,2828
153,2013-06-04,48,0,2520
154,2013-06-05,48,0,2616
155,2013-06-06,48,0,2321
156,2013-06-07,48,0,2640
157,2013-06-08,48,0,3604
158,2013-06-09,48,0,4280
159,2013-06-10,48,0,2340
160,2013-06-11,48,0,1997
161,2013-06-12,48,0,2234
162,2013-06-13,48,0,2122
163,2013-06-14,48,0,2541
164,2013-06-15,48,0,4209
165,2013-06-16,48,0,4026
166,2013-06-17,48,0,2371
167,2013-06-18,48,0,2257
168,2013-06-19,48,0,2261
169,2013-06-20,48,0,2266
170,2013-06-21,48,0,2456
171,2013-06-22,48,0,3385
172,2013-06-23,48,0,3996
173,2013-06-24,48,0,2478
174,2013-06-25,48,0,2128
175,2013-06-26,48,0,2100
176,2013-06-27,48,0,2037
177,2013-06-28,48,0,2464
178,2013-06-29,48,0,3792
179,2013-06-30,48,0,4287
180,2013-07-01,48,0,2953
181,2013-07-02,48,0,2728
182,2013-07-03,48,0,2630
183,2013-07-04,48,0,2479
184,2013-07-05,48,0,2604
185,2013-07-06,48,0,3710
186,2013-07-07,48,0,4084
187,2013-07-08,48,0,2527
188,2013-07-09,48,0,2246
189,2013-07-10,48,0,2328
190,2013-07-11,48,0,2259
191,2013-07-12,48,0,2405
192,2013-07-13,48,0,3503
193,2013-07-14,48,0,3715
194,2013-07-15,48,0,2686
195,2013-07-16,48,0,2471
196,2013-07-17,48,0,2440
197,2013-07-18,48,0,2395
198,2013-07-19,48,0,2409
199,2013-07-20,48,0,3312
200,2013-07-21,48,0,3744
201,2013-07-22,48,0,2539
202,2013-07-23,48,0,2385
203,2013-07-24,48,0,2460
204,2013-07-25,48,0,2415
205,2013-07-26,48,0,2479
206,2013-07-27,48,0,3402
207,2013-07-28,48,0,3767
208,2013-07-29,48,0,2388
209,2013-07-30,48,0,2325
210,2013-07-31,48,0,2764
211,2013-08-01,48,0,2972
212,2013-08-02,48,0,2672
213,2013-08-03,48,0,3800
214,2013-08-04,48,0,4225
215,2013-08-05,48,0,2896
216,2013-08-06,48,0,2656
217,2013-08-07,48,0,2725
218,2013-08-08,48,0,2392
219,2013-08-09,48,0,2763
220,2013-08-10,48,0,3354
221,2013-08-11,48,0,3871
222,2013-08-12,48,0,2610
223,2013-08-13,48,0,2368
224,2013-08-14,48,0,2516
225,2013-08-15,48,0,2716
226,2013-08-16,48,0,2977
227,2013-08-17,48,0,3576
228,2013-08-18,48,0,3785
229,2013-08-19,48,0,2657
230,2013-08-20,48,0,2527
231,2013-08-21,48,0,2592
232,2013-08-22,48,0,2453
233,2013-08-23,48,0,2721
234,2013-08-24,48,0,3463
235,2013-08-25,48,0,3879
236,2013-08-26,48,0,2642
237,2013-08-27,48,0,2311
238,2013-08-28,48,0,2473
239,2013-08-29,48,0,2414
240,2013-08-30,48,0,2707
241,2013-08-31,48,0,3894
242,2013-09-01,48,0,4640
243,2013-09-02,48,0,3046
244,2013-09-03,48,0,2846
245,2013-09-04,48,0,2828
246,2013-09-05,48,0,2595
247,2013-09-06,48,0,2543
248,2013-09-07,48,0,3970
249,2013-09-08,48,0,4771
250,2013-09-09,48,0,2559
251,2013-09-10,48,0,2239
252,2013-09-11,48,0,2424
253,2013-09-12,48,0,2199
254,2013-09-13,48,0,2364
255,2013-09-14,48,0,3692
256,2013-09-15,48,0,4097
257,2013-09-16,48,0,2616
258,2013-09-17,48,0,2312
259,2013-09-18,48,0,2246
260,2013-09-19,48,0,2211
261,2013-09-20,48,0,2272
262,2013-09-21,48,0,3551
263,2013-09-22,48,0,4172
264,2013-09-23,48,0,2518
265,2013-09-24,48,0,2152
266,2013-09-25,48,0,2222
267,2013-09-26,48,0,2058
268,2013-09-27,48,0,2346
269,2013-09-28,48,0,3648
270,2013-09-29,48,0,4354
271,2013-09-30,48,0,2512
272,2013-10-01,48,0,2759
273,2013-10-02,48,0,2810
274,2013-10-03,48,0,2531
275,2013-10-04,48,0,2625
276,2013-10-05,48,0,4074
277,2013-10-06,48,0,4523
278,2013-10-07,48,0,2571
279,2013-10-08,48,0,2306
280,2013-10-09,48,0,2320
281,2013-10-10,48,0,2181
282,2013-10-11,48,0,3426
283,2013-10-12,48,0,3575
284,2013-10-13,48,0,3786
285,2013-10-14,48,0,2322
286,2013-10-15,48,0,2144
287,2013-10-16,48,0,2440
288,2013-10-17,48,0,2286
289,2013-10-18,48,0,2262
290,2013-10-19,48,0,3625
291,2013-10-20,48,0,4348
292,2013-10-21,48,0,2496
293,2013-10-22,48,0,2164
294,2013-10-23,48,0,2236
295,2013-10-24,48,0,2208
296,2013-10-25,48,0,2278
297,2013-10-26,48,0,3506
298,2013-10-27,48,0,4083
299,2013-10-28,48,0,2291
300,2013-10-29,48,0,2014
301,2013-10-30,48,0,2250
302,2013-10-31,48,0,2361
303,2013-11-01,48,0,2714
304,2013-11-02,48,0,4045
305,2013-11-03,48,0,4596
306,2013-11-04,48,0,2805
307,2013-11-05,48,0,2492
308,2013-11-06,48,0,2547
309,2013-11-07,48,0,2405
310,2013-11-08,48,0,2579
311,2013-11-09,48,0,3877
312,2013-11-10,48,0,4525
313,2013-11-11,48,0,2565
314,2013-11-12,48,0,2215
315,2013-11-13,48,0,2296
316,2013-11-14,48,0,2133
317,2013-11-15,48,0,2523
318,2013-11-16,48,0,3923
319,2013-11-17,48,0,4364
320,2013-11-18,48,0,2621
321,2013-11-19,48,0,2328
322,2013-11-20,48,0,2421
323,2013-11-21,48,0,2305
324,2013-11-22,48,0,2357
325,2013-11-23,48,0,3771
326,2013-11-24,48,0,4558
327,2013-11-25,48,0,2598
328,2013-11-26,48,0,2274
329,2013-11-27,48,0,2303
330,2013-11-28,48,0,2318
331,2013-11-29,48,0,2629
332,2013-11-30,48,0,4136
333,2013-12-01,48,0,4838
334,2013-12-02,48,0,3211
335,2013-12-03,48,0,2897
336,2013-12-04,48,0,2755
337,2013-12-05,48,0,2752
338,2013-12-06,48,0,3744
339,2013-12-07,48,0,4343
340,2013-12-08,48,0,4575
341,2013-12-09,48,0,2874
342,2013-12-10,48,0,2623
343,2013-12-11,48,0,2766
344,2013-12-12,48,0,2743
345,2013-12-13,48,0,3088
346,2013-12-14,48,0,4426
347,2013-12-15,48,0,5043
348,2013-12-16,48,0,3746
349,2013-12-17,48,0,3492
350,2013-12-18,48,0,3891
351,2013-12-19,48,0,4632
352,2013-12-20,48,0,4226
353,2013-12-21,48,0,5821
354,2013-12-22,48,0,6264
355,2013-12-23,48,0,6803
356,2013-12-24,48,0,6665
357,2013-12-26,48,0,4401
358,2013-12-27,48,0,4076
359,2013-12-28,48,0,4762
360,2013-12-29,48,0,4730
361,2013-12-30,48,0,5295
362,2013-12-31,48,0,4728
363,2014-01-02,48,0,3643
364,2014-01-03,48,0,3240
365,2014-01-04,48,0,4581
366,2014-01-05,48,0,4701
367,2014-01-06,48,0,2837
368,2014-01-07,48,0,2605
369,2014-01-08,48,0,2636
370,2014-01-09,48,0,2448
371,2014-01-10,48,0,2587
372,2014-01-11,48,0,3850
373,2014-01-12,48,0,4383
374,2014-01-13,48,0,2666
375,2014-01-14,48,0,2324
376,2014-01-15,48,0,2603
377,2014-01-16,48,0,2611
378,2014-01-17,48,0,2670
379,2014-01-18,48,0,3724
380,2014-01-19,48,0,4258
381,2014-01-20,48,0,2681
382,2014-01-21,48,0,2417
383,2014-01-22,48,0,2497
384,2014-01-23,48,0,2428
385,2014-01-24,48,0,2662
386,2014-01-25,48,0,3658
387,2014-01-26,48,0,4186
388,2014-01-27,48,0,2453
389,2014-01-28,48,0,2372
390,2014-01-29,48,0,2291
391,2014-01-30,48,0,2401
392,2014-01-31,48,0,2948
393,2014-02-01,48,0,4462
394,2014-02-02,48,0,4715
395,2014-02-03,48,0,3292
396,2014-02-04,48,0,3051
397,2014-02-05,48,0,2999
398,2014-02-06,48,0,2920
399,2014-02-07,48,0,2910
400,2014-02-08,48,0,3897
401,2014-02-09,48,0,3999
402,2014-02-10,48,0,2993
403,2014-02-11,48,0,2647
404,2014-02-12,48,0,2964
405,2014-02-13,48,0,2894
406,2014-02-14,48,0,3538
407,2014-02-15,48,0,4020
408,2014-02-16,48,0,4372
409,2014-02-17,48,0,2843
410,2014-02-18,48,0,2522
411,2014-02-19,48,0,2467
412,2014-02-20,48,0,2409
413,2014-02-21,48,0,2649
414,2014-02-22,48,0,4000
415,2014-02-23,48,0,3770
416,2014-02-24,48,0,2851
417,2014-02-25,48,0,2373
418,2014-02-26,48,0,2405
419,2014-02-27,48,0,2331
420,2014-02-28,48,0,2946
421,2014-03-01,48,0,4281
422,2014-03-02,48,0,3763
423,2014-03-03,48,0,3555
424,2014-03-04,48,0,4168
425,2014-03-05,48,0,2884
426,2014-03-06,48,0,2859
427,2014-03-07,48,0,2902
428,2014-03-08,48,0,3901
429,2014-03-09,48,0,4677
430,2014-03-10,48,0,2588
431,2014-03-11,48,0,2389
432,2014-03-12,48,0,2522
433,2014-03-13,48,0,2307
434,2014-03-14,48,0,2674
435,2014-03-15,48,0,3839
436,2014-03-16,48,0,4750
437,2014-03-17,48,0,2802
438,2014-03-18,48,0,2413
439,2014-03-19,48,0,2510
440,2014-03-20,48,0,2424
441,2014-03-21,48,0,2807
442,2014-03-22,48,0,3800
443,2014-03-23,48,0,4478
444,2014-03-24,48,0,2688
445,2014-03-25,48,0,2456
446,2014-03-26,48,0,2573
447,2014-03-27,48,0,2344
448,2014-03-28,48,0,2785
449,2014-03-29,48,0,4213
450,2014-03-30,48,0,4500
451,2014-03-31,48,0,3094
452,2014-04-01,48,0,3143
453,2014-04-02,48,0,3000
454,2014-04-03,48,0,2829
455,2014-04-04,48,0,2954
456,2014-04-05,48,0,4457
457,2014-04-06,48,0,4846
458,2014-04-07,48,0,3013
459,2014-04-08,48,0,2516
460,2014-04-09,48,0,2607
461,2014-04-10,48,0,2692
462,2014-04-11,48,0,2706
463,2014-04-12,48,0,3982
464,2014-04-13,48,0,4359
465,2014-04-14,48,0,2867
466,2014-04-15,48,0,2540
467,2014-04-16,48,0,2842
468,2014-04-17,48,0,3098
469,2014-04-18,48,0,3720
470,2014-04-19,48,0,4223
471,2014-04-20,48,0,4535
472,2014-04-21,48,0,2905
473,2014-04-22,48,0,2633
474,2014-04-23,48,0,2588
475,2014-04-24,48,0,2506
476,2014-04-25,48,0,2597
477,2014-04-26,48,0,3818
478,2014-04-27,48,0,4787
479,2014-04-28,48,0,2695
480,2014-04-29,48,0,2427
481,2014-04-30,48,0,2623
482,2014-05-01,48,0,4496
483,2014-05-02,48,0,3091
484,2014-05-03,48,0,4413
485,2014-05-04,48,0,4675
486,2014-05-05,48,0,3020
487,2014-05-06,48,0,2702
488,2014-05-07,48,0,2858
489,2014-05-08,48,0,2667
490,2014-05-09,48,0,3035
491,2014-05-10,48,0,4931
492,2014-05-11,48,0,4766
493,2014-05-12,48,0,2661
494,2014-05-13,48,0,2482
495,2014-05-14,48,0,2508
496,2014-05-15,48,0,2498
497,2014-05-16,48,0,2732
498,2014-05-17,48,0,4035
499,2014-05-18,48,0,4831
500,2014-05-19,48,0,2808
501,2014-05-20,48,0,2485
502,2014-05-21,48,0,2582
503,2014-05-22,48,0,2298
504,2014-05-23,48,0,2647
505,2014-05-24,48,0,3840
506,2014-05-25,48,0,4408
507,2014-05-26,48,0,2567
508,2014-05-27,48,0,2360
509,2014-05-28,48,0,2417
510,2014-05-29,48,0,2437
511,2014-05-30,48,0,2715
512,2014-05-31,48,0,4329
513,2014-06-01,48,0,5020
514,2014-06-02,48,0,3164
515,2014-06-03,48,0,2886
516,2014-06-04,48,0,2780
517,2014-06-05,48,0,2729
518,2014-06-06,48,0,2852
519,2014-06-07,48,0,4033
520,2014-06-08,48,0,4651
521,2014-06-09,48,0,2655
522,2014-06-10,48,0,2413
523,2014-06-11,48,0,2509
524,2014-06-12,48,0,2482
525,2014-06-13,48,0,2807
526,2014-06-14,48,0,4435
527,2014-06-15,48,0,3981
528,2014-06-16,48,0,2813
529,2014-06-17,48,28,2501
530,2014-06-18,48,25,2463
531,2014-06-19,48,31,2414
532,2014-06-20,48,191,2630
533,2014-06-21,48,17,3762
534,2014-06-22,48,22,4169
535,2014-06-23,48,14,2574
536,2014-06-24,48,16,2334
537,2014-06-25,48,12,2852
538,2014-06-26,48,18,2338
539,2014-06-27,48,178,2609
540,2014-06-28,48,18,3596
541,2014-06-29,48,18,4077
542,2014-06-30,48,16,2884
543,2014-07-01,48,20,2960
544,2014-07-02,48,183,3261
545,2014-07-03,48,15,2953
546,2014-07-04,48,179,2945
547,2014-07-05,48,33,4015
548,2014-07-06,48,25,4434
549,2014-07-07,48,23,2858
550,2014-07-08,48,16,2519
551,2014-07-09,48,184,2445
552,2014-07-10,48,22,2471
553,2014-07-11,48,183,2619
554,2014-07-12,48,14,3698
555,2014-07-13,48,28,3813
556,2014-07-14,48,24,2705
557,2014-07-15,48,16,2735
558,2014-07-16,48,181,2731
559,2014-07-17,48,20,2655
560,2014-07-18,48,193,2807
561,2014-07-19,48,27,3704
562,2014-07-20,48,11,3994
563,2014-07-21,48,25,2745
564,2014-07-22,48,19,2611
565,2014-07-23,48,182,2601
566,2014-07-24,48,16,2514
567,2014-07-25,48,183,2728
568,2014-07-26,48,15,3427
569,2014-07-27,48,28,3867
570,2014-07-28,48,19,2648
571,2014-07-29,48,15,2244
572,2014-07-30,48,195,2522
573,2014-07-31,48,9,2776
574,2014-08-01,48,186,3319
575,2014-08-02,48,17,4262
576,2014-08-03,48,11,4521
577,2014-08-04,48,13,3329
578,2014-08-05,48,7,2918
579,2014-08-06,48,18,2901
580,2014-08-07,48,19,2771
581,2014-08-08,48,184,2819
582,2014-08-09,48,20,3528
583,2014-08-10,48,22,3838
584,2014-08-11,48,18,2824
585,2014-08-12,48,17,2455
586,2014-08-13,48,18,2652
587,2014-08-14,48,34,2659
588,2014-08-15,48,184,3010
589,2014-08-16,48,24,3768
590,2014-08-17,48,19,4251
591,2014-08-18,48,14,3001
592,2014-08-19,48,16,2839
593,2014-08-20,48,10,2972
594,2014-08-21,48,15,2770
595,2014-08-22,48,189,2972
596,2014-08-23,48,19,3785
597,2014-08-24,48,31,4059
598,2014-08-25,48,15,2893
599,2014-08-26,48,30,2588
600,2014-08-27,48,20,2773
601,2014-08-28,48,8,2591
602,2014-08-29,48,184,2858
603,2014-08-30,48,9,4262
604,2014-08-31,48,14,4766
605,2014-09-01,48,8,3515
606,2014-09-02,48,24,3163
607,2014-09-03,48,179,3094
608,2014-09-04,48,14,2792
609,2014-09-05,48,181,2911
610,2014-09-06,48,16,4289
611,2014-09-07,48,12,5151
612,2014-09-08,48,26,3026
613,2014-09-09,48,21,2553
614,2014-09-10,48,187,2676
615,2014-09-11,48,21,2489
616,2014-09-12,48,203,2631
617,2014-09-13,48,21,3825
618,2014-09-14,48,29,4610
619,2014-09-15,48,17,2850
620,2014-09-16,48,21,2609
621,2014-09-17,48,171,2464
622,2014-09-18,48,8,1833
623,2014-09-19,48,174,2600
624,2014-09-20,48,19,3928
625,2014-09-21,48,23,4572
626,2014-09-22,48,13,2654
627,2014-09-23,48,18,2543
628,2014-09-24,48,176,2581
629,2014-09-25,48,35,2288
630,2014-09-26,48,191,2437
631,2014-09-27,48,28,3835
632,2014-09-28,48,26,4654
633,2014-09-29,48,11,2526
634,2014-09-30,48,16,2628
635,2014-10-01,48,189,3084
636,2014-10-02,48,20,2859
637,2014-10-03,48,197,3100
638,2014-10-04,48,30,4331
639,2014-10-05,48,18,5056
640,2014-10-06,48,23,2975
641,2014-10-07,48,23,2695
642,2014-10-08,48,198,2624
643,2014-10-09,48,15,2336
644,2014-10-10,48,199,3808
645,2014-10-11,48,25,4197
646,2014-10-12,48,16,4364
647,2014-10-13,48,18,2522
648,2014-10-14,48,32,2331
649,2014-10-15,48,187,2471
650,2014-10-16,48,18,2327
651,2014-10-17,48,191,2569
652,2014-10-18,48,21,3837
653,2014-10-19,48,20,4376
654,2014-10-20,48,43,2703
655,2014-10-21,48,28,2310
656,2014-10-22,48,189,2327
657,2014-10-23,48,13,2246
658,2014-10-24,48,189,2508
659,2014-10-25,48,39,3896
660,2014-10-26,48,51,4497
661,2014-10-27,48,13,2447
662,2014-10-28,48,15,2187
663,2014-10-29,48,191,2228
664,2014-10-30,48,25,2215
665,2014-10-31,48,193,2703
666,2014-11-01,48,33,3881
667,2014-11-02,48,38,3615
668,2014-11-03,48,22,4625
669,2014-11-04,48,16,2724
670,2014-11-05,48,197,2876
671,2014-11-06,48,20,2564
672,2014-11-07,48,201,2650
673,2014-11-08,48,29,3904
674,2014-11-09,48,34,4575
675,2014-11-10,48,13,2465
676,2014-11-11,48,28,2324
677,2014-11-12,48,186,2434
678,2014-11-13,48,16,2330
679,2014-11-14,48,205,2600
680,2014-11-15,48,47,3702
681,2014-11-16,48,43,4286
682,2014-11-17,48,26,2640
683,2014-11-18,48,38,2366
684,2014-11-19,48,217,2305
685,2014-11-20,48,56,2401
686,2014-11-21,48,204,2673
687,2014-11-22,48,53,3609
688,2014-11-23,48,56,4370
689,2014-11-24,48,39,2532
690,2014-11-25,48,40,2295
691,2014-11-26,48,208,2379
692,2014-11-27,48,40,2223
693,2014-11-28,48,222,2723
694,2014-11-29,48,69,4125
695,2014-11-30,48,53,4810
696,2014-12-01,48,51,3185
697,2014-12-02,48,53,2979
698,2014-12-03,48,208,2866
699,2014-12-04,48,70,2595
700,2014-12-05,48,205,2968
701,2014-12-06,48,45,4043
702,2014-12-07,48,55,4696
703,2014-12-08,48,40,3017
704,2014-12-09,48,82,2690
705,2014-12-10,48,232,2925
706,2014-12-11,48,93,2747
707,2014-12-12,48,222,3024
708,2014-12-13,48,36,4752
709,2014-12-14,48,60,4873
710,2014-12-15,48,50,3470
711,2014-12-16,48,61,3423
712,2014-12-17,48,221,3587
713,2014-12-18,48,36,3771
714,2014-12-19,48,215,3922
715,2014-12-20,48,87,5129
716,2014-12-21,48,64,5722
717,2014-12-22,48,56,5719
718,2014-12-23,48,68,6205
719,2014-12-24,48,242,6521
720,2014-12-26,48,237,5251
721,2014-12-27,48,100,4647
722,2014-12-28,48,79,4537
723,2014-12-29,48,73,4165
724,2014-12-30,48,60,4801
725,2014-12-31,48,232,4396
726,2015-01-02,48,219,4474
727,2015-01-03,48,68,4306
728,2015-01-04,48,50,4636
729,2015-01-05,48,56,3251
730,2015-01-06,48,72,2919
731,2015-01-07,48,84,2950
732,2015-01-08,48,50,2692
733,2015-01-09,48,209,2722
734,2015-01-10,48,44,3785
735,2015-01-11,48,46,4540
736,2015-01-12,48,48,2668
737,2015-01-13,48,61,2417
738,2015-01-14,48,60,2626
739,2015-01-15,48,32,2515
740,2015-01-16,48,196,2688
741,2015-01-17,48,48,3925
742,2015-01-18,48,24,4284
743,2015-01-19,48,23,2654
744,2015-01-20,48,35,2424
745,2015-01-21,48,25,2481
746,2015-01-22,48,40,2389
747,2015-01-23,48,202,2556
748,2015-01-24,48,27,3887
749,2015-01-25,48,32,4267
750,2015-01-26,48,26,2477
751,2015-01-27,48,32,2213
752,2015-01-28,48,39,2253
753,2015-01-29,48,50,2222
754,2015-01-30,48,217,2634
755,2015-01-31,48,42,4008
756,2015-02-01,48,21,4771
757,2015-02-02,48,18,3003
758,2015-02-03,48,29,2698
759,2015-02-04,48,21,2681
760,2015-02-05,48,29,2686
761,2015-02-06,48,210,2642
762,2015-02-07,48,34,4016
763,2015-02-08,48,30,4292
764,2015-02-09,48,60,2943
765,2015-02-10,48,43,2580
766,2015-02-11,48,30,2531
767,2015-02-12,48,28,2618
768,2015-02-13,48,191,3214
769,2015-02-14,48,23,3945
770,2015-02-15,48,22,3145
771,2015-02-16,48,19,3119
772,2015-02-17,48,29,3325
773,2015-02-18,48,18,2575
774,2015-02-19,48,13,2493
775,2015-02-20,48,193,2878
776,2015-02-21,48,18,3348
777,2015-02-22,48,23,4232
778,2015-02-23,48,23,2515
779,2015-02-24,48,26,2301
780,2015-02-25,48,14,2267
781,2015-02-26,48,23,2129
782,2015-02-27,48,187,2619
783,2015-02-28,48,29,3902
784,2015-03-01,48,20,4934
785,2015-03-02,48,14,3019
786,2015-03-03,48,10,2712
787,2015-03-04,48,19,2784
788,2015-03-05,48,21,2592
789,2015-03-06,48,197,2799
790,2015-03-07,48,33,4056
791,2015-03-08,48,17,4462
792,2015-03-09,48,19,2757
793,2015-03-10,48,17,2515
794,2015-03-11,48,16,2460
795,2015-03-12,48,23,2205
796,2015-03-13,48,195,2417
797,2015-03-14,48,28,3915
798,2015-03-15,48,30,4313
799,2015-03-16,48,20,2655
800,2015-03-17,48,17,2515
801,2015-03-18,48,35,2460
802,2015-03-19,48,24,2398
803,2015-03-20,48,194,2648
804,2015-03-21,48,28,3797
805,2015-03-22,48,27,4118
806,2015-03-23,48,20,2553
807,2015-03-24,48,16,2372
808,2015-03-25,48,24,2317
809,2015-03-26,48,23,2248
810,2015-03-27,48,208,2474
811,2015-03-28,48,29,3554
812,2015-03-29,48,27,4198
813,2015-03-30,48,26,2514
814,2015-03-31,48,24,2577
815,2015-04-01,48,40,3121
816,2015-04-02,48,23,3240
817,2015-04-03,48,209,3658
818,2015-04-04,48,33,4357
819,2015-04-05,48,31,4436
820,2015-04-06,48,21,3027
821,2015-04-07,48,36,2549
822,2015-04-08,48,34,2458
823,2015-04-09,48,23,2448
824,2015-04-10,48,207,2581
825,2015-04-11,48,30,3791
826,2015-04-12,48,38,4426
827,2015-04-13,48,28,2759
828,2015-04-14,48,25,2276
829,2015-04-15,48,21,2582
830,2015-04-16,48,61,2536
831,2015-04-17,48,226,2628
832,2015-04-18,48,60,4052
833,2015-04-19,48,56,4501
834,2015-04-20,48,61,2804
835,2015-04-21,48,62,2399
836,2015-04-22,48,59,2432
837,2015-04-23,48,61,2426
838,2015-04-24,48,234,2623
839,2015-04-25,48,64,3740
840,2015-04-26,48,51,4241
841,2015-04-27,48,59,2446
842,2015-04-28,48,52,2126
843,2015-04-29,48,49,2364
844,2015-04-30,48,65,2791
845,2015-05-01,48,250,4300
846,2015-05-02,48,69,4230
847,2015-05-03,48,72,4432
848,2015-05-04,48,60,2877
849,2015-05-05,48,59,2673
850,2015-05-06,48,58,2732
851,2015-05-07,48,45,2618
852,2015-05-08,48,236,2893
853,2015-05-09,48,58,4661
854,2015-05-10,48,58,4460
855,2015-05-11,48,44,2548
856,2015-05-12,48,62,2372
857,2015-05-13,48,59,2338
858,2015-05-14,48,53,2296
859,2015-05-15,48,217,2645
860,2015-05-16,48,61,3916
861,2015-05-17,48,45,4474
862,2015-05-18,48,48,2643
863,2015-05-19,48,46,2537
864,2015-05-20,48,62,2474
865,2015-05-21,48,42,2330
866,2015-05-22,48,236,2586
867,2015-05-23,48,50,3852
868,2015-05-24,48,58,4432
869,2015-05-25,48,40,2563
870,2015-05-26,48,52,2348
871,2015-05-27,48,32,2327
872,2015-05-28,48,42,2204
873,2015-05-29,48,226,2705
874,2015-05-30,48,48,4278
875,2015-05-31,48,52,5129
876,2015-06-01,48,46,3425
877,2015-06-02,48,58,2778
878,2015-06-03,48,222,2763
879,2015-06-04,48,56,2717
880,2015-06-05,48,242,2824
881,2015-06-06,48,44,4024
882,2015-06-07,48,59,4520
883,2015-06-08,48,32,2575
884,2015-06-09,48,53,2426
885,2015-06-10,48,228,2466
886,2015-06-11,48,51,2467
887,2015-06-12,48,244,2603
888,2015-06-13,48,42,3662
889,2015-06-14,48,46,4221
890,2015-06-15,48,59,2469
891,2015-06-16,48,72,2556
892,2015-06-17,48,244,2553
893,2015-06-18,48,98,2512
894,2015-06-19,48,253,2689
895,2015-06-20,48,61,4578
896,2015-06-21,48,58,4066
897,2015-06-22,48,65,2693
898,2015-06-23,48,64,2512
899,2015-06-24,48,244,2449
900,2015-06-25,48,22,2269
901,2015-06-26,48,211,2543
902,2015-06-27,48,24,3465
903,2015-06-28,48,27,4205
904,2015-06-29,48,18,2361
905,2015-06-30,48,24,2589
906,2015-07-01,48,216,3128
907,2015-07-02,48,44,3005
908,2015-07-03,48,203,3153
909,2015-07-04,48,24,4140
910,2015-07-05,48,27,4493
911,2015-07-06,48,39,3656
912,2015-07-07,48,34,3526
913,2015-07-08,48,199,2757
914,2015-07-09,48,29,2628
915,2015-07-10,48,219,2748
916,2015-07-11,48,24,3459
917,2015-07-12,48,28,4068
918,2015-07-13,48,27,2673
919,2015-07-14,48,31,2403
920,2015-07-15,48,193,2812
921,2015-07-16,48,20,2568
922,2015-07-17,48,207,2741
923,2015-07-18,48,39,3697
924,2015-07-19,48,31,4077
925,2015-07-20,48,39,2738
926,2015-07-21,48,31,2462
927,2015-07-22,48,211,2611
928,2015-07-23,48,29,2525
929,2015-07-24,48,218,2881
930,2015-07-25,48,41,3569
931,2015-07-26,48,48,3910
932,2015-07-27,48,38,2632
933,2015-07-28,48,62,2365
934,2015-07-29,48,223,2392
935,2015-07-30,48,30,2387
936,2015-07-31,48,230,2872
937,2015-08-01,48,27,4162
938,2015-08-02,48,25,4278
939,2015-08-03,48,20,3175
940,2015-08-04,48,29,2708
941,2015-08-05,48,206,2833
942,2015-08-06,48,31,2589
943,2015-08-07,48,212,2872
944,2015-08-08,48,39,3405
945,2015-08-09,48,38,3105
946,2015-08-10,48,38,3689
947,2015-08-11,48,40,2566
948,2015-08-12,48,228,2510
949,2015-08-13,48,37,2733
950,2015-08-14,48,217,2764
951,2015-08-15,48,44,3830
952,2015-08-16,48,37,4115
953,2015-08-17,48,41,2808
954,2015-08-18,48,36,2556
955,2015-08-19,48,209,2590
956,2015-08-20,48,33,2599
957,2015-08-21,48,217,2759
958,2015-08-22,48,46,3397
959,2015-08-23,48,41,3689
960,2015-08-24,48,47,2682
961,2015-08-25,48,43,2520
962,2015-08-26,48,214,2368
963,2015-08-27,48,31,2397
964,2015-08-28,48,215,2752
965,2015-08-29,48,36,3570
966,2015-08-30,48,35,4103
967,2015-08-31,48,36,2902
968,2015-09-01,48,44,3113
969,2015-09-02,48,216,2914
970,2015-09-03,48,27,2855
971,2015-09-04,48,228,2831
972,2015-09-05,48,36,4168
973,2015-09-06,48,38,4754
974,2015-09-07,48,36,2774
975,2015-09-08,48,26,2545
976,2015-09-09,48,204,2423
977,2015-09-10,48,44,2371
978,2015-09-11,48,210,2562
979,2015-09-12,48,39,3594
980,2015-09-13,48,46,4253
981,2015-09-14,48,36,2541
982,2015-09-15,48,35,2467
983,2015-09-16,48,220,2439
984,2015-09-17,48,32,2259
985,2015-09-18,48,221,2481
986,2015-09-19,48,50,3691
987,2015-09-20,48,47,4054
988,2015-09-21,48,38,2569
989,2015-09-22,48,36,2282
990,2015-09-23,48,215,2449
991,2015-09-24,48,39,2259
992,2015-09-25,48,213,2520
993,2015-09-26,48,47,3645
994,2015-09-27,48,48,4138
995,2015-09-28,48,37,2347
996,2015-09-29,48,47,2070
997,2015-09-30,48,224,2397
998,2015-10-01,48,33,2913
999,2015-10-02,48,223,2979
1000,2015-10-03,48,33,4368
1001,2015-10-04,48,40,4716
1002,2015-10-05,48,32,2794
1003,2015-10-06,48,34,2439
1004,2015-10-07,48,217,2441
1005,2015-10-08,48,29,2376
1006,2015-10-09,48,226,3610
1007,2015-10-10,48,32,3771
1008,2015-10-11,48,30,3903
1009,2015-10-12,48,26,2317
1010,2015-10-13,48,25,1992
1011,2015-10-14,48,201,2194
1012,2015-10-15,48,28,2331
1013,2015-10-16,48,219,2623
1014,2015-10-17,48,32,3722
1015,2015-10-18,48,31,4208
1016,2015-10-19,48,29,2415
1017,2015-10-20,48,19,2259
1018,2015-10-21,48,205,2228
1019,2015-10-22,48,16,2200
1020,2015-10-23,48,203,2356
1021,2015-10-24,48,21,3568
1022,2015-10-25,48,14,4088
1023,2015-10-26,48,14,2244
1024,2015-10-27,48,12,2107
1025,2015-10-28,48,193,2116
1026,2015-10-29,48,37,2011
1027,2015-10-30,48,240,2511
1028,2015-10-31,48,66,3738
1029,2015-11-01,48,82,3464
1030,2015-11-02,48,73,3370
1031,2015-11-03,48,73,3999
1032,2015-11-04,48,251,2640
1033,2015-11-05,48,62,2453
1034,2015-11-06,48,254,2626
1035,2015-11-07,48,83,3854
1036,2015-11-08,48,59,4131
1037,2015-11-09,48,56,2514
1038,2015-11-10,48,63,2209
1039,2015-11-11,48,246,2244
1040,2015-11-12,48,61,2143
1041,2015-11-13,48,270,2502
1042,2015-11-14,48,121,3774
1043,2015-11-15,48,131,4379
1044,2015-11-16,48,93,2558
1045,2015-11-17,48,118,2358
1046,2015-11-18,48,319,2304
1047,2015-11-19,48,124,2149
1048,2015-11-20,48,313,2680
1049,2015-11-21,48,118,3593
1050,2015-11-22,48,125,4116
1051,2015-11-23,48,117,2482
1052,2015-11-24,48,95,2352
1053,2015-11-25,48,304,2509
1054,2015-11-26,48,107,2324
1055,2015-11-27,48,294,3194
1056,2015-11-28,48,132,4001
1057,2015-11-29,48,132,4787
1058,2015-11-30,48,105,2829
1059,2015-12-01,48,109,2909
1060,2015-12-02,48,304,3045
1061,2015-12-03,48,112,2758
1062,2015-12-04,48,314,2983
1063,2015-12-05,48,108,3911
1064,2015-12-06,48,106,4403
1065,2015-12-07,48,111,2891
1066,2015-12-08,48,104,2517
1067,2015-12-09,48,307,2642
1068,2015-12-10,48,79,2535
1069,2015-12-11,48,272,2851
1070,2015-12-12,48,94,3985
1071,2015-12-13,48,97,4599
1072,2015-12-14,48,81,2895
1073,2015-12-15,48,128,2823
1074,2015-12-16,48,322,3051
1075,2015-12-17,48,88,3092
1076,2015-12-18,48,243,3326
1077,2015-12-19,48,81,5081
1078,2015-12-20,48,96,5830
1079,2015-12-21,48,63,4667
1080,2015-12-22,48,79,5139
1081,2015-12-23,48,251,6152
1082,2015-12-24,48,49,7044
1083,2015-12-26,48,56,4938
1084,2015-12-27,48,65,4533
1085,2015-12-28,48,35,3411
1086,2015-12-29,48,62,3891
1087,2015-12-30,48,257,4429
1088,2015-12-31,48,41,4456
1089,2016-01-02,48,59,4574
1090,2016-01-05,48,80,2934
1091,2016-01-06,48,271,2859
1092,2016-01-07,48,69,2545
1093,2016-01-08,48,239,2689
1094,2016-01-09,48,66,4044
1095,2016-01-10,48,69,4395
1096,2016-01-11,48,75,2396
1097,2016-01-12,48,48,2158
1098,2016-01-13,48,255,2238
1099,2016-01-14,48,73,2277
1100,2016-01-15,48,270,2660
1101,2016-01-16,48,74,3763
1102,2016-01-17,48,64,4016
1103,2016-01-18,48,75,2477
1104,2016-01-19,48,91,2308
1105,2016-01-20,48,285,2576
1106,2016-01-21,48,7,2186
1107,2016-01-22,48,192,2038
1108,2016-01-23,48,11,3530
1109,2016-01-24,48,13,3929
1110,2016-01-25,48,7,2283
1111,2016-01-26,48,10,2108
1112,2016-01-27,48,208,2233
1113,2016-01-28,48,74,2050
1114,2016-01-29,48,268,2315
1115,2016-01-30,48,84,3868
1116,2016-01-31,48,85,4120
1117,2016-02-01,48,87,2877
1118,2016-02-02,48,85,2675
1119,2016-02-03,48,279,2590
1120,2016-02-04,48,99,2524
1121,2016-02-05,48,300,2671
1122,2016-02-06,48,139,3579
1123,2016-02-07,48,132,2948
1124,2016-02-08,48,132,2985
1125,2016-02-09,48,137,3246
1126,2016-02-10,48,312,2528
1127,2016-02-11,48,130,2512
1128,2016-02-12,48,318,2760
1129,2016-02-13,48,141,3692
1130,2016-02-14,48,137,4522
1131,2016-02-15,48,124,2475
1132,2016-02-16,48,56,2356
1133,2016-02-17,48,256,2363
1134,2016-02-18,48,44,2204
1135,2016-02-19,48,238,2492
1136,2016-02-20,48,68,3421
1137,2016-02-21,48,66,3942
1138,2016-02-22,48,55,2422
1139,2016-02-23,48,54,2274
1140,2016-02-24,48,244,2236
1141,2016-02-25,48,32,2078
1142,2016-02-26,48,273,2359
1143,2016-02-27,48,107,3463
1144,2016-02-28,48,102,3906
1145,2016-02-29,48,59,2502
1146,2016-03-01,48,59,2945
1147,2016-03-02,48,251,2877
1148,2016-03-03,48,67,2641
1149,2016-03-04,48,258,2813
1150,2016-03-05,48,89,4013
1151,2016-03-06,48,78,4361
1152,2016-03-07,48,70,2655
1153,2016-03-08,48,70,2638
1154,2016-03-09,48,259,2239
1155,2016-03-10,48,63,2266
1156,2016-03-11,48,252,2543
1157,2016-03-12,48,72,3492
1158,2016-03-13,48,71,3790
1159,2016-03-14,48,61,2367
1160,2016-03-15,48,81,2450
1161,2016-03-16,48,258,2282
1162,2016-03-17,48,108,2196
1163,2016-03-18,48,268,2444
1164,2016-03-19,48,112,3472
1165,2016-03-20,48,110,3677
1166,2016-03-21,48,104,2439
1167,2016-03-22,48,104,2165
1168,2016-03-23,48,293,2380
1169,2016-03-24,48,84,2770
1170,2016-03-25,48,271,2781
1171,2016-03-26,48,91,3434
1172,2016-03-27,48,89,3393
1173,2016-03-28,48,90,2297
1174,2016-03-29,48,84,2167
1175,2016-03-30,48,283,2121
1176,2016-03-31,48,83,2328
1177,2016-04-01,48,275,3052
1178,2016-04-02,48,80,4358
1179,2016-04-03,48,80,4838
1180,2016-04-04,48,78,2874
1181,2016-04-05,48,82,2675
1182,2016-04-06,48,269,2442
1183,2016-04-07,48,94,2267
1184,2016-04-08,48,319,2585
1185,2016-04-09,48,200,3766
1186,2016-04-10,48,198,4113
1187,2016-04-11,48,193,2528
1188,2016-04-12,48,203,2549
1189,2016-04-13,48,361,2374
1190,2016-04-14,48,91,2204
1191,2016-04-15,48,294,2639
1192,2016-04-16,48,105,3083
1193,2016-04-17,48,120,3698
1194,2016-04-18,48,94,2983
1195,2016-04-19,48,114,2836
1196,2016-04-20,48,333,2798
1197,2016-04-21,48,180,2446
1198,2016-04-22,48,344,2533
1199,2016-04-23,48,150,3786
1200,2016-04-24,48,181,3902
1201,2016-04-25,48,136,2383
1202,2016-04-26,48,147,2260
1203,2016-04-27,48,378,2282
1204,2016-04-28,48,188,2127
1205,2016-04-29,48,354,2478
1206,2016-04-30,48,196,4095
1207,2016-05-01,48,205,4375
1208,2016-05-02,48,156,2767
1209,2016-05-03,48,189,2671
1210,2016-05-04,48,366,2670
1211,2016-05-05,48,184,2461
1212,2016-05-06,48,376,2975
1213,2016-05-07,48,175,4500
1214,2016-05-08,48,178,4052
1215,2016-05-09,48,137,2440
1216,2016-05-10,48,174,2210
1217,2016-05-11,48,327,2301
1218,2016-05-12,48,140,2216
1219,2016-05-13,48,331,2438
1220,2016-05-14,48,144,3584
1221,2016-05-15,48,138,3890
1222,2016-05-16,48,137,2450
1223,2016-05-17,48,135,2240
1224,2016-05-18,48,318,2168
1225,2016-05-19,48,140,2162
1226,2016-05-20,48,300,2524
1227,2016-05-21,48,138,3474
1228,2016-05-22,48,143,3707
1229,2016-05-23,48,120,2439
1230,2016-05-24,48,133,2018
1231,2016-05-25,48,331,2130
1232,2016-05-26,48,210,2213
1233,2016-05-27,48,473,3472
1234,2016-05-28,48,260,3428
1235,2016-05-29,48,260,3692
1236,2016-05-30,48,253,2462
1237,2016-05-31,48,263,2847
1238,2016-06-01,48,408,2968
1239,2016-06-02,48,244,2409
1240,2016-06-03,48,370,2634
1241,2016-06-04,48,197,3738
1242,2016-06-05,48,197,4213
1243,2016-06-06,48,173,2551
1244,2016-06-07,48,166,2322
1245,2016-06-08,48,358,2320
1246,2016-06-09,48,168,2255
1247,2016-06-10,48,339,2361
1248,2016-06-11,48,179,3374
1249,2016-06-12,48,204,3609
1250,2016-06-13,48,206,2159
1251,2016-06-14,48,174,2111
1252,2016-06-15,48,406,2279
1253,2016-06-16,48,217,2313
1254,2016-06-17,48,367,2600
1255,2016-06-18,48,229,3919
1256,2016-06-19,48,213,3824
1257,2016-06-20,48,197,2384
1258,2016-06-21,48,199,2208
1259,2016-06-22,48,396,2189
1260,2016-06-23,48,179,2132
1261,2016-06-24,48,350,2366
1262,2016-06-25,48,187,3339
1263,2016-06-26,48,179,3596
1264,2016-06-27,48,167,2225
1265,2016-06-28,48,153,1948
1266,2016-06-29,48,350,2105
1267,2016-06-30,48,186,2310
1268,2016-07-01,48,364,3018
1269,2016-07-02,48,173,4063
1270,2016-07-03,48,185,4191
1271,2016-07-04,48,163,2741
1272,2016-07-05,48,187,2566
1273,2016-07-06,48,427,2699
1274,2016-07-07,48,0,2227
1275,2016-07-08,48,367,2606
1276,2016-07-09,48,196,3461
1277,2016-07-10,48,203,3630
1278,2016-07-11,48,194,2447
1279,2016-07-12,48,159,2173
1280,2016-07-13,48,311,2243
1281,2016-07-14,48,86,2115
1282,2016-07-15,48,292,2513
1283,2016-07-16,48,113,3356
1284,2016-07-17,48,125,3507
1285,2016-07-18,48,99,2471
1286,2016-07-19,48,106,2228
1287,2016-07-20,48,280,2457
1288,2016-07-21,48,102,2248
1289,2016-07-22,48,288,2407
1290,2016-07-23,48,106,3311
1291,2016-07-24,48,114,3611
1292,2016-07-25,48,101,2528
1293,2016-07-26,48,99,2189
1294,2016-07-27,48,0,2366
1295,2016-07-28,48,98,2194
1296,2016-07-29,48,302,2532
1297,2016-07-30,48,111,3555
1298,2016-07-31,48,98,3760
1299,2016-08-01,48,87,2956
1300,2016-08-02,48,105,2782
1301,2016-08-03,48,313,2783
1302,2016-08-04,48,134,2699
1303,2016-08-05,48,335,2894
1304,2016-08-06,48,135,3476
1305,2016-08-07,48,150,3724
1306,2016-08-08,48,128,2542
1307,2016-08-09,48,131,2214
1308,2016-08-10,48,335,2493
1309,2016-08-11,48,137,2458
1310,2016-08-12,48,342,3058
1311,2016-08-13,48,144,3019
1312,2016-08-14,48,149,3059
1313,2016-08-15,48,158,2643
1314,2016-08-16,48,152,2504
1315,2016-08-17,48,356,2644
1316,2016-08-18,48,147,2395
1317,2016-08-19,48,353,2651
1318,2016-08-20,48,166,3379
1319,2016-08-21,48,167,3555
1320,2016-08-22,48,155,2664
1321,2016-08-23,48,154,2565
1322,2016-08-24,48,346,2534
1323,2016-08-25,48,104,2368
1324,2016-08-26,48,311,2556
1325,2016-08-27,48,133,3103
1326,2016-08-28,48,141,3311
1327,2016-08-29,48,118,2328
1328,2016-08-30,48,125,2276
1329,2016-08-31,48,331,2547
1330,2016-09-01,48,126,2833
1331,2016-09-02,48,309,3070
1332,2016-09-03,48,109,4019
1333,2016-09-04,48,116,4232
1334,2016-09-05,48,106,2795
1335,2016-09-06,48,100,2704
1336,2016-09-07,48,305,2623
1337,2016-09-08,48,103,2450
1338,2016-09-09,48,279,2520
1339,2016-09-10,48,111,3643
1340,2016-09-11,48,108,3984
1341,2016-09-12,48,86,2415
1342,2016-09-13,48,86,2197
1343,2016-09-14,48,285,2239
1344,2016-09-15,48,172,2345
1345,2016-09-16,48,370,2512
1346,2016-09-17,48,197,3559
1347,2016-09-18,48,198,4085
1348,2016-09-19,48,177,2512
1349,2016-09-20,48,178,2345
1350,2016-09-21,48,357,2274
1351,2016-09-22,48,153,2068
1352,2016-09-23,48,384,2444
1353,2016-09-24,48,202,3448
1354,2016-09-25,48,203,3844
1355,2016-09-26,48,180,2397
1356,2016-09-27,48,184,2040
1357,2016-09-28,48,365,2175
1358,2016-09-29,48,179,2006
1359,2016-09-30,48,373,2547
1360,2016-10-01,48,174,4374
1361,2016-10-02,48,173,4679
1362,2016-10-03,48,156,2956
1363,2016-10-04,48,198,2454
1364,2016-10-05,48,400,2591
1365,2016-10-06,48,198,2441
1366,2016-10-07,48,388,2530
1367,2016-10-08,48,210,3732
1368,2016-10-09,48,210,4014
1369,2016-10-10,48,190,2444
1370,2016-10-11,48,190,2186
1371,2016-10-12,48,339,2087
1372,2016-10-13,48,200,2089
1373,2016-10-14,48,373,2265
1374,2016-10-15,48,208,3355
1375,2016-10-16,48,201,3970
1376,2016-10-17,48,180,2335
1377,2016-10-18,48,183,2207
1378,2016-10-19,48,335,2159
1379,2016-10-20,48,178,2253
1380,2016-10-21,48,384,2276
1381,2016-10-22,48,205,3384
1382,2016-10-23,48,215,3767
1383,2016-10-24,48,180,2205
1384,2016-10-25,48,183,2068
1385,2016-10-26,48,472,2012
1386,2016-10-27,48,248,1969
1387,2016-10-28,48,448,2240
1388,2016-10-29,48,304,3041
1389,2016-10-30,48,330,3588
1390,2016-10-31,48,303,2334
1391,2016-11-01,48,324,2559
1392,2016-11-02,48,533,3352
1393,2016-11-03,48,0,3280
1394,2016-11-04,48,496,3151
1395,2016-11-05,48,320,3556
1396,2016-11-06,48,306,4022
1397,2016-11-07,48,281,2592
1398,2016-11-08,48,278,2432
1399,2016-11-09,48,501,2409
1400,2016-11-10,48,291,2173
1401,2016-11-11,48,477,2397
1402,2016-11-12,48,335,3280
1403,2016-11-13,48,343,4082
1404,2016-11-14,48,292,2276
1405,2016-11-15,48,315,2398
1406,2016-11-16,48,600,2584
1407,2016-11-17,48,300,2441
1408,2016-11-18,48,477,2407
1409,2016-11-19,48,297,3322
1410,2016-11-20,48,314,4138
1411,2016-11-21,48,316,2398
1412,2016-11-22,48,290,2549
1413,2016-11-23,48,531,2587
1414,2016-11-24,48,322,2528
1415,2016-11-25,48,484,3209
1416,2016-11-26,48,330,4057
1417,2016-11-27,48,346,4315
1418,2016-11-28,48,320,2565
1419,2016-11-29,48,326,2048
1420,2016-11-30,48,524,2464
1509,2013-01-02,50,0,3077
1510,2013-01-03,50,0,2307
1511,2013-01-04,50,0,2698
1512,2013-01-05,50,0,3459
1513,2013-01-06,50,0,3297
1514,2013-01-07,50,0,2371
1515,2013-01-08,50,0,2251
1516,2013-01-09,50,0,2228
1517,2013-01-10,50,0,2052
1518,2013-01-11,50,0,2226
1519,2013-01-12,50,0,3258
1520,2013-01-13,50,0,3261
1521,2013-01-14,50,0,2150
1522,2013-01-15,50,0,2001
1523,2013-01-16,50,0,2302
1524,2013-01-17,50,0,2012
1525,2013-01-18,50,0,2242
1526,2013-01-19,50,0,3426
1527,2013-01-20,50,0,3195
1528,2013-01-21,50,0,2227
1529,2013-01-22,50,0,2182
1530,2013-01-23,50,0,2186
1531,2013-01-24,50,0,2011
1532,2013-01-25,50,0,2264
1533,2013-01-26,50,0,3221
1534,2013-01-27,50,0,3117
1535,2013-01-28,50,0,2110
1536,2013-01-29,50,0,1998
1537,2013-01-30,50,0,2130
1538,2013-01-31,50,0,2153
1539,2013-02-01,50,0,2465
1540,2013-02-02,50,0,3216
1541,2013-02-03,50,0,3216
1542,2013-02-04,50,0,2521
1543,2013-02-05,50,0,2628
1544,2013-02-06,50,0,2480
1545,2013-02-07,50,0,2383
1546,2013-02-08,50,0,2449
1547,2013-02-09,50,0,3170
1548,2013-02-10,50,0,2453
1549,2013-02-11,50,0,2523
1550,2013-02-12,50,0,2639
1551,2013-02-13,50,0,2897
1552,2013-02-14,50,0,3229
1553,2013-02-15,50,0,2515
1554,2013-02-16,50,0,3430
1555,2013-02-17,50,0,2853
1556,2013-02-18,50,0,2317
1557,2013-02-19,50,0,2101
1558,2013-02-20,50,0,2089
1559,2013-02-21,50,0,2048
1560,2013-02-22,50,0,2299
1561,2013-02-23,50,0,3234
1562,2013-02-24,50,0,3229
1563,2013-02-25,50,0,2223
1564,2013-02-26,50,0,2101
1565,2013-02-27,50,0,2025
1566,2013-02-28,50,0,2055
1567,2013-03-01,50,0,2529
1568,2013-03-02,50,0,3670
1569,2013-03-03,50,0,3496
1570,2013-03-04,50,0,2395
1571,2013-03-05,50,0,2244
1572,2013-03-06,50,0,2358
1573,2013-03-07,50,0,2197
1574,2013-03-08,50,0,2449
1575,2013-03-09,50,0,3450
1576,2013-03-10,50,0,3265
1577,2013-03-11,50,0,2264
1578,2013-03-12,50,0,2215
1579,2013-03-13,50,0,2174
1580,2013-03-14,50,0,2073
1581,2013-03-15,50,0,2350
1582,2013-03-16,50,0,3505
1583,2013-03-17,50,0,3259
1584,2013-03-18,50,0,2328
1585,2013-03-19,50,0,2281
1586,2013-03-20,50,0,2284
1587,2013-03-21,50,0,2053
1588,2013-03-22,50,0,2217
1589,2013-03-23,50,0,3349
1590,2013-03-24,50,0,3268
1591,2013-03-25,50,0,2234
1592,2013-03-26,50,0,1971
1593,2013-03-27,50,0,2244
1594,2013-03-28,50,0,2565
1595,2013-03-29,50,0,2815
1596,2013-03-30,50,0,3545
1597,2013-03-31,50,0,3362
1598,2013-04-01,50,0,2551
1599,2013-04-02,50,0,2353
1600,2013-04-03,50,0,2395
1601,2013-04-04,50,0,2177
1602,2013-04-05,50,0,2491
1603,2013-04-06,50,0,3606
1604,2013-04-07,50,0,3472
1605,2013-04-08,50,0,2243
1606,2013-04-09,50,0,2279
1607,2013-04-10,50,0,2380
1608,2013-04-11,50,0,2332
1609,2013-04-12,50,0,2510
1610,2013-04-13,50,0,3419
1611,2013-04-14,50,0,3270
1612,2013-04-15,50,0,2300
1613,2013-04-16,50,0,2329
1614,2013-04-17,50,0,2355
1615,2013-04-18,50,0,2095
1616,2013-04-19,50,0,2339
1617,2013-04-20,50,0,3264
1618,2013-04-21,50,0,3240
1619,2013-04-22,50,0,2255
1620,2013-04-23,50,0,2241
1621,2013-04-24,50,0,2172
1622,2013-04-25,50,0,2136
1623,2013-04-26,50,0,2412
1624,2013-04-27,50,0,3384
1625,2013-04-28,50,0,3492
1626,2013-04-29,50,0,2192
1627,2013-04-30,50,0,2295
1628,2013-05-01,50,0,3692
1629,2013-05-02,50,0,2318
1630,2013-05-03,50,0,2458
1631,2013-05-04,50,0,3733
1632,2013-05-05,50,0,3547
1633,2013-05-06,50,0,2325
1634,2013-05-07,50,0,2253
1635,2013-05-08,50,0,2397
1636,2013-05-09,50,0,2342
1637,2013-05-10,50,0,2699
1638,2013-05-11,50,0,4139
1639,2013-05-12,50,0,3316
1640,2013-05-13,50,0,2281
1641,2013-05-14,50,0,2303
1642,2013-05-15,50,0,2175
1643,2013-05-16,50,0,2112
1644,2013-05-17,50,0,2317
1645,2013-05-18,50,0,3263
1646,2013-05-19,50,0,3324
1647,2013-05-20,50,0,2310
1648,2013-05-21,50,0,2153
1649,2013-05-22,50,0,2228
1650,2013-05-23,50,0,2370
1651,2013-05-24,50,0,3026
1652,2013-05-25,50,0,3040
1653,2013-05-26,50,0,2965
1654,2013-05-27,50,0,2271
1655,2013-05-28,50,0,2166
1656,2013-05-29,50,0,2303
1657,2013-05-30,50,0,2401
1658,2013-05-31,50,0,2546
1659,2013-06-01,50,0,3721
1660,2013-06-02,50,0,3512
1661,2013-06-03,50,0,2464
1662,2013-06-04,50,0,2374
1663,2013-06-05,50,0,2291
1664,2013-06-06,50,0,2075
1665,2013-06-07,50,0,2599
1666,2013-06-08,50,0,3305
1667,2013-06-09,50,0,3226
1668,2013-06-10,50,0,2324
1669,2013-06-11,50,0,2175
1670,2013-06-12,50,0,2253
1671,2013-06-13,50,0,2209
1672,2013-06-14,50,0,2664
1673,2013-06-15,50,0,3727
1674,2013-06-16,50,0,3264
1675,2013-06-17,50,0,2355
1676,2013-06-18,50,0,2146
1677,2013-06-19,50,0,2136
1678,2013-06-20,50,0,2157
1679,2013-06-21,50,0,2375
1680,2013-06-22,50,0,3163
1681,2013-06-23,50,0,3223
1682,2013-06-24,50,0,2208
1683,2013-06-25,50,0,2103
1684,2013-06-26,50,0,2176
1685,2013-06-27,50,0,2156
1686,2013-06-28,50,0,2469
1687,2013-06-29,50,0,3412
1688,2013-06-30,50,0,3185
1689,2013-07-01,50,0,2465
1690,2013-07-02,50,0,2581
1691,2013-07-03,50,0,2376
1692,2013-07-04,50,0,2322
1693,2013-07-05,50,0,2520
1694,2013-07-06,50,0,3391
1695,2013-07-07,50,0,3316
1696,2013-07-08,50,0,2636
1697,2013-07-09,50,0,2363
1698,2013-07-10,50,0,2429
1699,2013-07-11,50,0,2271
1700,2013-07-12,50,0,2440
1701,2013-07-13,50,0,3190
1702,2013-07-14,50,0,2958
1703,2013-07-15,50,0,2398
1704,2013-07-16,50,0,2473
1705,2013-07-17,50,0,2294
1706,2013-07-18,50,0,2323
1707,2013-07-19,50,0,2387
1708,2013-07-20,50,0,3158
1709,2013-07-21,50,0,2941
1710,2013-07-22,50,0,2350
1711,2013-07-23,50,0,2348
1712,2013-07-24,50,0,2299
1713,2013-07-25,50,0,2319
1714,2013-07-26,50,0,2532
1715,2013-07-27,50,0,3182
1716,2013-07-28,50,0,3017
1717,2013-07-29,50,0,2441
1718,2013-07-30,50,0,2469
1719,2013-07-31,50,0,2619
1720,2013-08-01,50,0,2661
1721,2013-08-02,50,0,2566
1722,2013-08-03,50,0,3224
1723,2013-08-04,50,0,3081
1724,2013-08-05,50,0,2600
1725,2013-08-06,50,0,2532
1726,2013-08-07,50,0,2528
1727,2013-08-08,50,0,2393
1728,2013-08-09,50,0,2618
1729,2013-08-10,50,0,3196
1730,2013-08-11,50,0,2911
1731,2013-08-12,50,0,2477
1732,2013-08-13,50,0,2622
1733,2013-08-14,50,0,2515
1734,2013-08-15,50,0,2445
1735,2013-08-16,50,0,2604
1736,2013-08-17,50,0,3136
1737,2013-08-18,50,0,3057
1738,2013-08-19,50,0,2505
1739,2013-08-20,50,0,2376
1740,2013-08-21,50,0,2473
1741,2013-08-22,50,0,2391
1742,2013-08-23,50,0,2521
1743,2013-08-24,50,0,3325
1744,2013-08-25,50,0,3038
1745,2013-08-26,50,0,2547
1746,2013-08-27,50,0,2563
1747,2013-08-28,50,0,2571
1748,2013-08-29,50,0,2429
1749,2013-08-30,50,0,2653
1750,2013-08-31,50,0,3611
1751,2013-09-01,50,0,3525
1752,2013-09-02,50,0,2846
1753,2013-09-03,50,0,2618
1754,2013-09-04,50,0,2601
1755,2013-09-05,50,0,2378
1756,2013-09-06,50,0,2362
1757,2013-09-07,50,0,3569
1758,2013-09-08,50,0,3609
1759,2013-09-09,50,0,2490
1760,2013-09-10,50,0,2271
1761,2013-09-11,50,0,2532
1762,2013-09-12,50,0,2073
1763,2013-09-13,50,0,2325
1764,2013-09-14,50,0,3360
1765,2013-09-15,50,0,3269
1766,2013-09-16,50,0,2309
1767,2013-09-17,50,0,2310
1768,2013-09-18,50,0,2230
1769,2013-09-19,50,0,1964
1770,2013-09-20,50,0,2519
1771,2013-09-21,50,0,3473
1772,2013-09-22,50,0,3392
1773,2013-09-23,50,0,2339
1774,2013-09-24,50,0,2241
1775,2013-09-25,50,0,2310
1776,2013-09-26,50,0,2031
1777,2013-09-27,50,0,2409
1778,2013-09-28,50,0,3423
1779,2013-09-29,50,0,3308
1780,2013-09-30,50,0,2320
1781,2013-10-01,50,0,2493
1782,2013-10-02,50,0,2475
1783,2013-10-03,50,0,2280
1784,2013-10-04,50,0,2588
1785,2013-10-05,50,0,3743
1786,2013-10-06,50,0,3587
1787,2013-10-07,50,0,2446
1788,2013-10-08,50,0,2383
1789,2013-10-09,50,0,2233
1790,2013-10-10,50,0,2314
1791,2013-10-11,50,0,3222
1792,2013-10-12,50,0,3263
1793,2013-10-13,50,0,3092
1794,2013-10-14,50,0,2183
1795,2013-10-15,50,0,2078
1796,2013-10-16,50,0,2269
1797,2013-10-17,50,0,2132
1798,2013-10-18,50,0,2434
1799,2013-10-19,50,0,3661
1800,2013-10-20,50,0,3452
1801,2013-10-21,50,0,2165
1802,2013-10-22,50,0,2255
1803,2013-10-23,50,0,2196
1804,2013-10-24,50,0,2108
1805,2013-10-25,50,0,2324
1806,2013-10-26,50,0,3298
1807,2013-10-27,50,0,3147
1808,2013-10-28,50,0,2311
1809,2013-10-29,50,0,2141
1810,2013-10-30,50,0,2167
1811,2013-10-31,50,0,2113
1812,2013-11-01,50,0,2216
1813,2013-11-02,50,0,2658
1814,2013-11-03,50,0,2797
1815,2013-11-04,50,0,2250
1816,2013-11-05,50,0,2256
1817,2013-11-06,50,0,2218
1818,2013-11-07,50,0,2025
1819,2013-11-08,50,0,2279
1820,2013-11-09,50,0,3016
1821,2013-11-10,50,0,2906
1822,2013-11-11,50,0,2254
1823,2013-11-12,50,0,2628
1824,2013-11-13,50,0,2049
1825,2013-11-14,50,0,1970
1826,2013-11-15,50,0,2284
1827,2013-11-16,50,0,3362
1828,2013-11-17,50,0,3041
1829,2013-11-18,50,0,2240
1830,2013-11-19,50,0,2079
1831,2013-11-20,50,0,2186
1832,2013-11-21,50,0,2093
1833,2013-11-22,50,0,2316
1834,2013-11-23,50,0,3353
1835,2013-11-24,50,0,3125
1836,2013-11-25,50,0,2202
1837,2013-11-26,50,0,2036
1838,2013-11-27,50,0,2119
1839,2013-11-28,50,0,2020
1840,2013-11-29,50,0,2500
1841,2013-11-30,50,0,3555
1842,2013-12-01,50,0,3463
1843,2013-12-02,50,0,2458
1844,2013-12-03,50,0,2350
1845,2013-12-04,50,0,2460
1846,2013-12-05,50,0,2547
1847,2013-12-06,50,0,2700
1848,2013-12-07,50,0,3615
1849,2013-12-08,50,0,3514
1850,2013-12-09,50,0,2492
1851,2013-12-10,50,0,2464
1852,2013-12-11,50,0,2565
1853,2013-12-12,50,0,2586
1854,2013-12-13,50,0,2849
1855,2013-12-14,50,0,3874
1856,2013-12-15,50,0,3705
1857,2013-12-16,50,0,2882
1858,2013-12-17,50,0,3134
1859,2013-12-18,50,0,3336
1860,2013-12-19,50,0,4241
1861,2013-12-20,50,0,3654
1862,2013-12-21,50,0,4651
1863,2013-12-22,50,0,4497
1864,2013-12-23,50,0,5368
1865,2013-12-24,50,0,5456
1866,2013-12-26,50,0,3343
1867,2013-12-27,50,0,3342
1868,2013-12-28,50,0,3776
1869,2013-12-29,50,0,3175
1870,2013-12-30,50,0,3876
1871,2013-12-31,50,0,2889
1872,2014-01-02,50,0,2925
1873,2014-01-03,50,0,2580
1874,2014-01-04,50,0,3772
1875,2014-01-05,50,0,3176
1876,2014-01-06,50,0,2386
1877,2014-01-07,50,0,2248
1878,2014-01-08,50,0,2296
1879,2014-01-09,50,0,2088
1880,2014-01-10,50,0,2380
1881,2014-01-11,50,0,3364
1882,2014-01-12,50,0,3109
1883,2014-01-13,50,0,2234
1884,2014-01-14,50,0,2120
1885,2014-01-15,50,0,2097
1886,2014-01-16,50,0,2079
1887,2014-01-17,50,0,2292
1888,2014-01-18,50,0,3359
1889,2014-01-19,50,0,2958
1890,2014-01-20,50,0,2249
1891,2014-01-21,50,0,2040
1892,2014-01-22,50,0,2069
1893,2014-01-23,50,0,2007
1894,2014-01-24,50,0,2229
1895,2014-01-25,50,0,3205
1896,2014-01-26,50,0,2843
1897,2014-01-27,50,0,2188
1898,2014-01-28,50,0,2202
1899,2014-01-29,50,0,2101
1900,2014-01-30,50,0,2203
1901,2014-01-31,50,0,2469
1902,2014-02-01,50,0,3302
1903,2014-02-02,50,0,3031
1904,2014-02-03,50,0,2581
1905,2014-02-04,50,0,2380
1906,2014-02-05,50,0,2384
1907,2014-02-06,50,0,2313
1908,2014-02-07,50,0,2536
1909,2014-02-08,50,0,3225
1910,2014-02-09,50,0,2921
1911,2014-02-10,50,0,2555
1912,2014-02-11,50,0,2353
1913,2014-02-12,50,0,2550
1914,2014-02-13,50,0,2768
1915,2014-02-14,50,0,3127
1916,2014-02-15,50,0,3059
1917,2014-02-16,50,0,2956
1918,2014-02-17,50,0,2239
1919,2014-02-18,50,0,2208
1920,2014-02-19,50,0,2147
1921,2014-02-20,50,0,2015
1922,2014-02-21,50,0,2280
1923,2014-02-22,50,0,3414
1924,2014-02-23,50,0,2806
1925,2014-02-24,50,0,2361
1926,2014-02-25,50,0,2076
1927,2014-02-26,50,0,2297
1928,2014-02-27,50,0,2108
1929,2014-02-28,50,0,2535
1930,2014-03-01,50,0,3311
1931,2014-03-02,50,0,2570
1932,2014-03-03,50,0,2666
1933,2014-03-04,50,0,2721
1934,2014-03-05,50,0,2426
1935,2014-03-06,50,0,2275
1936,2014-03-07,50,0,2453
1937,2014-03-08,50,0,3288
1938,2014-03-09,50,0,3269
1939,2014-03-10,50,0,2298
1940,2014-03-11,50,0,2193
1941,2014-03-12,50,0,2180
1942,2014-03-13,50,0,1894
1943,2014-03-14,50,0,2427
1944,2014-03-15,50,0,3182
1945,2014-03-16,50,0,3220
1946,2014-03-17,50,0,2248
1947,2014-03-18,50,0,2092
1948,2014-03-19,50,0,2254
1949,2014-03-20,50,0,2192
1950,2014-03-21,50,0,2405
1951,2014-03-22,50,0,3312
1952,2014-03-23,50,0,3083
1953,2014-03-24,50,0,2150
1954,2014-03-25,50,0,2172
1955,2014-03-26,50,0,2145
1956,2014-03-27,50,0,2070
1957,2014-03-28,50,0,2479
1958,2014-03-29,50,0,3570
1959,2014-03-30,50,0,3260
1960,2014-03-31,50,0,2485
1961,2014-04-01,50,0,2406
1962,2014-04-02,50,0,2377
1963,2014-04-03,50,0,2325
1964,2014-04-04,50,0,2628
1965,2014-04-05,50,0,3659
1966,2014-04-06,50,0,3524
1967,2014-04-07,50,0,2540
1968,2014-04-08,50,0,2314
1969,2014-04-09,50,0,2310
1970,2014-04-10,50,0,2376
1971,2014-04-11,50,0,2602
1972,2014-04-12,50,0,3564
1973,2014-04-13,50,0,3307
1974,2014-04-14,50,0,2414
1975,2014-04-15,50,0,2327
1976,2014-04-16,50,0,2588
1977,2014-04-17,50,0,2692
1978,2014-04-18,50,0,2994
1979,2014-04-19,50,0,3478
1980,2014-04-20,50,0,3047
1981,2014-04-21,50,0,2529
1982,2014-04-22,50,0,2385
1983,2014-04-23,50,0,2378
1984,2014-04-24,50,0,2247
1985,2014-04-25,50,0,2585
1986,2014-04-26,50,0,3398
1987,2014-04-27,50,0,3278
1988,2014-04-28,50,0,2196
1989,2014-04-29,50,0,2160
1990,2014-04-30,50,0,2371
1991,2014-05-01,50,0,3381
1992,2014-05-02,50,0,2668
1993,2014-05-03,50,0,3687
1994,2014-05-04,50,0,3328
1995,2014-05-05,50,0,2256
1996,2014-05-06,50,0,2197
1997,2014-05-07,50,0,2366
1998,2014-05-08,50,0,2387
1999,2014-05-09,50,0,2848
2000,2014-05-10,50,0,4069
2001,2014-05-11,50,0,3224
2002,2014-05-12,50,0,2389
2003,2014-05-13,50,0,2241
2004,2014-05-14,50,0,2230
2005,2014-05-15,50,0,2171
2006,2014-05-16,50,0,2459
2007,2014-05-17,50,0,3226
2008,2014-05-18,50,0,3245
2009,2014-05-19,50,0,2303
2010,2014-05-20,50,0,2209
2011,2014-05-21,50,0,2229
2012,2014-05-22,50,0,2069
2013,2014-05-23,50,0,2404
2014,2014-05-24,50,0,3300
2015,2014-05-25,50,0,3223
2016,2014-05-26,50,0,2269
2017,2014-05-27,50,0,2109
2018,2014-05-28,50,0,2354
2019,2014-05-29,50,0,2325
2020,2014-05-30,50,0,2639
2021,2014-05-31,50,0,3463
2022,2014-06-01,50,0,3862
2023,2014-06-02,50,0,2552
2024,2014-06-03,50,0,2349
2025,2014-06-04,50,0,2416
2026,2014-06-05,50,0,2276
2027,2014-06-06,50,0,2605
2028,2014-06-07,50,0,3554
2029,2014-06-08,50,0,3253
2030,2014-06-09,50,0,2298
2031,2014-06-10,50,0,2242
2032,2014-06-11,50,0,2398
2033,2014-06-12,50,0,2356
2034,2014-06-13,50,0,2699
2035,2014-06-14,50,0,4029
2036,2014-06-15,50,0,2963
2037,2014-06-16,50,0,2414
2038,2014-06-17,50,0,2165
2039,2014-06-18,50,0,2129
2040,2014-06-19,50,0,2112
2041,2014-06-20,50,0,2457
2042,2014-06-21,50,0,3394
2043,2014-06-22,50,0,3219
2044,2014-06-23,50,0,2262
2045,2014-06-24,50,0,2088
2046,2014-06-25,50,0,2573
2047,2014-06-26,50,0,2073
2048,2014-06-27,50,0,2455
2049,2014-06-28,50,0,3094
2050,2014-06-29,50,0,2927
2051,2014-06-30,50,6,2391
2052,2014-07-01,50,12,2329
2053,2014-07-02,50,195,2483
2054,2014-07-03,50,15,2510
2055,2014-07-04,50,185,2571
2056,2014-07-05,50,14,3447
2057,2014-07-06,50,22,3442
2058,2014-07-07,50,20,2575
2059,2014-07-08,50,12,2573
2060,2014-07-09,50,196,2266
2061,2014-07-10,50,8,2407
2062,2014-07-11,50,198,2637
2063,2014-07-12,50,25,3278
2064,2014-07-13,50,47,2705
2065,2014-07-14,50,11,2390
2066,2014-07-15,50,16,2546
2067,2014-07-16,50,200,2466
2068,2014-07-17,50,25,2360
2069,2014-07-18,50,196,2548
2070,2014-07-19,50,48,3221
2071,2014-07-20,50,25,2954
2072,2014-07-21,50,18,2451
2073,2014-07-22,50,23,2346
2074,2014-07-23,50,192,2340
2075,2014-07-24,50,22,2167
2076,2014-07-25,50,183,2590
2077,2014-07-26,50,24,3103
2078,2014-07-27,50,17,2830
2079,2014-07-28,50,30,2390
2080,2014-07-29,50,27,2312
2081,2014-07-30,50,196,2374
2082,2014-07-31,50,8,2300
2083,2014-08-01,50,180,2810
2084,2014-08-02,50,25,3320
2085,2014-08-03,50,14,3100
2086,2014-08-04,50,11,2612
2087,2014-08-05,50,9,2685
2088,2014-08-06,50,20,2511
2089,2014-08-07,50,23,2343
2090,2014-08-08,50,180,2686
2091,2014-08-09,50,24,3256
2092,2014-08-10,50,25,2955
2093,2014-08-11,50,18,2484
2094,2014-08-12,50,17,2467
2095,2014-08-13,50,30,2487
2096,2014-08-14,50,17,2419
2097,2014-08-15,50,186,2703
2098,2014-08-16,50,27,3307
2099,2014-08-17,50,18,2922
2100,2014-08-18,50,27,2591
2101,2014-08-19,50,17,2419
2102,2014-08-20,50,19,2583
2103,2014-08-21,50,19,2414
2104,2014-08-22,50,186,2693
2105,2014-08-23,50,27,3150
2106,2014-08-24,50,23,3032
2107,2014-08-25,50,15,2656
2108,2014-08-26,50,12,2494
2109,2014-08-27,50,14,2547
2110,2014-08-28,50,21,2377
2111,2014-08-29,50,176,2604
2112,2014-08-30,50,28,3498
2113,2014-08-31,50,19,3281
2114,2014-09-01,50,19,2917
2115,2014-09-02,50,15,2755
2116,2014-09-03,50,196,2532
2117,2014-09-04,50,20,2385
2118,2014-09-05,50,182,2459
2119,2014-09-06,50,10,3591
2120,2014-09-07,50,18,3386
2121,2014-09-08,50,13,2507
2122,2014-09-09,50,30,2205
2123,2014-09-10,50,197,2255
2124,2014-09-11,50,32,2186
2125,2014-09-12,50,196,2383
2126,2014-09-13,50,25,3171
2127,2014-09-14,50,26,3084
2128,2014-09-15,50,18,2290
2129,2014-09-16,50,20,2275
2130,2014-09-17,50,203,2287
2131,2014-09-18,50,26,1995
2132,2014-09-19,50,183,2457
2133,2014-09-20,50,20,3314
2134,2014-09-21,50,32,3002
2135,2014-09-22,50,15,2075
2136,2014-09-23,50,19,2153
2137,2014-09-24,50,202,2118
2138,2014-09-25,50,15,1920
2139,2014-09-26,50,180,2379
2140,2014-09-27,50,20,3059
2141,2014-09-28,50,23,3033
2142,2014-09-29,50,18,2173
2143,2014-09-30,50,27,2223
2144,2014-10-01,50,202,2404
2145,2014-10-02,50,11,2309
2146,2014-10-03,50,188,2544
2147,2014-10-04,50,27,3511
2148,2014-10-05,50,27,3347
2149,2014-10-06,50,26,2539
2150,2014-10-07,50,18,2222
2151,2014-10-08,50,211,2410
2152,2014-10-09,50,9,2291
2153,2014-10-10,50,196,3177
2154,2014-10-11,50,31,3330
2155,2014-10-12,50,19,3038
2156,2014-10-13,50,32,2214
2157,2014-10-14,50,23,2120
2158,2014-10-15,50,210,2313
2159,2014-10-16,50,19,2161
2160,2014-10-17,50,182,2350
2161,2014-10-18,50,15,3259
2162,2014-10-19,50,18,3091
2163,2014-10-20,50,16,2248
2164,2014-10-21,50,15,2055
2165,2014-10-22,50,199,2113
2166,2014-10-23,50,44,2035
2167,2014-10-24,50,184,2461
2168,2014-10-25,50,53,3373
2169,2014-10-26,50,57,3209
2170,2014-10-27,50,23,2236
2171,2014-10-28,50,12,1989
2172,2014-10-29,50,200,2214
2173,2014-10-30,50,21,2122
2174,2014-10-31,50,183,2235
2175,2014-11-01,50,28,2830
2176,2014-11-02,50,38,2588
2177,2014-11-03,50,28,3244
2178,2014-11-04,50,9,2396
2179,2014-11-05,50,208,2366
2180,2014-11-06,50,31,2218
2181,2014-11-07,50,186,2339
2182,2014-11-08,50,28,3335
2183,2014-11-09,50,36,3255
2184,2014-11-10,50,18,2265
2185,2014-11-11,50,17,2218
2186,2014-11-12,50,211,2708
2187,2014-11-13,50,32,2070
2188,2014-11-14,50,199,2437
2189,2014-11-15,50,48,3302
2190,2014-11-16,50,47,3232
2191,2014-11-17,50,16,2248
2192,2014-11-18,50,31,2140
2193,2014-11-19,50,222,2079
2194,2014-11-20,50,29,2174
2195,2014-11-21,50,184,2520
2196,2014-11-22,50,23,3403
2197,2014-11-23,50,32,3294
2198,2014-11-24,50,44,2338
2199,2014-11-25,50,43,2166
2200,2014-11-26,50,211,2139
2201,2014-11-27,50,21,2230
2202,2014-11-28,50,187,2656
2203,2014-11-29,50,40,3380
2204,2014-11-30,50,38,3342
2205,2014-12-01,50,45,2625
2206,2014-12-02,50,47,2455
2207,2014-12-03,50,229,2526
2208,2014-12-04,50,36,2405
2209,2014-12-05,50,182,2748
2210,2014-12-06,50,26,3570
2211,2014-12-07,50,34,3599
2212,2014-12-08,50,32,2663
2213,2014-12-09,50,34,2493
2214,2014-12-10,50,228,2816
2215,2014-12-11,50,60,2689
2216,2014-12-12,50,191,2944
2217,2014-12-13,50,19,3787
2218,2014-12-14,50,29,3563
2219,2014-12-15,50,14,2849
2220,2014-12-16,50,28,3152
2221,2014-12-17,50,216,3239
2222,2014-12-18,50,31,3522
2223,2014-12-19,50,192,3524
2224,2014-12-20,50,29,4267
2225,2014-12-21,50,25,4080
2226,2014-12-22,50,29,4416
2227,2014-12-23,50,24,4857
2228,2014-12-24,50,225,4259
2229,2014-12-26,50,201,4214
2230,2014-12-27,50,35,3711
2231,2014-12-28,50,40,3014
2232,2014-12-29,50,39,3488
2233,2014-12-30,50,27,3836
2234,2014-12-31,50,238,3049
2235,2015-01-02,50,198,3445
2236,2015-01-03,50,36,3534
2237,2015-01-04,50,34,3325
2238,2015-01-05,50,32,2688
2239,2015-01-06,50,33,2266
2240,2015-01-07,50,40,2448
2241,2015-01-08,50,19,2185
2242,2015-01-09,50,182,2452
2243,2015-01-10,50,18,3015
2244,2015-01-11,50,29,3223
2245,2015-01-12,50,33,2451
2246,2015-01-13,50,48,2366
2247,2015-01-14,50,42,2326
2248,2015-01-15,50,22,2055
2249,2015-01-16,50,187,2307
2250,2015-01-17,50,8,3288
2251,2015-01-18,50,11,3167
2252,2015-01-19,50,8,2249
2253,2015-01-20,50,30,2199
2254,2015-01-21,50,23,2346
2255,2015-01-22,50,18,2240
2256,2015-01-23,50,177,2515
2257,2015-01-24,50,20,3211
2258,2015-01-25,50,24,3034
2259,2015-01-26,50,11,2270
2260,2015-01-27,50,14,2174
2261,2015-01-28,50,12,2235
2262,2015-01-29,50,15,2021
2263,2015-01-30,50,172,2404
2264,2015-01-31,50,15,3429
2265,2015-02-01,50,17,3404
2266,2015-02-02,50,21,2475
2267,2015-02-03,50,19,2474
2268,2015-02-04,50,37,2357
2269,2015-02-05,50,24,2408
2270,2015-02-06,50,179,2432
2271,2015-02-07,50,20,3202
2272,2015-02-08,50,23,3117
2273,2015-02-09,50,21,2628
2274,2015-02-10,50,14,2492
2275,2015-02-11,50,21,2507
2276,2015-02-12,50,18,2528
2277,2015-02-13,50,184,2963
2278,2015-02-14,50,34,3589
2279,2015-02-15,50,15,2410
2280,2015-02-16,50,18,2568
2281,2015-02-17,50,18,2476
2282,2015-02-18,50,20,2655
2283,2015-02-19,50,15,2448
2284,2015-02-20,50,183,2728
2285,2015-02-21,50,13,3089
2286,2015-02-22,50,15,3007
2287,2015-02-23,50,13,2356
2288,2015-02-24,50,10,2236
2289,2015-02-25,50,15,2118
2290,2015-02-26,50,14,2030
2291,2015-02-27,50,190,2451
2292,2015-02-28,50,16,3104
2293,2015-03-01,50,24,3249
2294,2015-03-02,50,10,2428
2295,2015-03-03,50,20,2351
2296,2015-03-04,50,15,2324
2297,2015-03-05,50,11,2233
2298,2015-03-06,50,193,2509
2299,2015-03-07,50,25,3586
2300,2015-03-08,50,27,3258
2301,2015-03-09,50,15,2401
2302,2015-03-10,50,26,2466
2303,2015-03-11,50,17,2332
2304,2015-03-12,50,15,2214
2305,2015-03-13,50,198,2370
2306,2015-03-14,50,29,3526
2307,2015-03-15,50,25,3154
2308,2015-03-16,50,22,2414
2309,2015-03-17,50,15,2295
2310,2015-03-18,50,30,2261
2311,2015-03-19,50,23,1951
2312,2015-03-20,50,185,2517
2313,2015-03-21,50,25,3309
2314,2015-03-22,50,13,3024
2315,2015-03-23,50,17,2199
2316,2015-03-24,50,9,2043
2317,2015-03-25,50,17,2139
2318,2015-03-26,50,11,2259
2319,2015-03-27,50,189,2457
2320,2015-03-28,50,20,3211
2321,2015-03-29,50,28,3084
2322,2015-03-30,50,27,2286
2323,2015-03-31,50,20,2337
2324,2015-04-01,50,36,2640
2325,2015-04-02,50,18,2862
2326,2015-04-03,50,196,3110
2327,2015-04-04,50,23,3663
2328,2015-04-05,50,27,3380
2329,2015-04-06,50,22,2631
2330,2015-04-07,50,21,2483
2331,2015-04-08,50,25,2518
2332,2015-04-09,50,26,2312
2333,2015-04-10,50,202,2621
2334,2015-04-11,50,29,3660
2335,2015-04-12,50,30,3620
2336,2015-04-13,50,15,2769
2337,2015-04-14,50,31,2397
2338,2015-04-15,50,28,2313
2339,2015-04-16,50,37,2356
2340,2015-04-17,50,200,2625
2341,2015-04-18,50,53,3385
2342,2015-04-19,50,47,3157
2343,2015-04-20,50,45,2433
2344,2015-04-21,50,44,2300
2345,2015-04-22,50,48,2257
2346,2015-04-23,50,65,2360
2347,2015-04-24,50,223,2491
2348,2015-04-25,50,48,3598
2349,2015-04-26,50,46,3163
2350,2015-04-27,50,58,2277
2351,2015-04-28,50,36,2192
2352,2015-04-29,50,37,2470
2353,2015-04-30,50,47,2622
2354,2015-05-01,50,226,3545
2355,2015-05-02,50,46,3692
2356,2015-05-03,50,52,3195
2357,2015-05-04,50,44,2427
2358,2015-05-05,50,54,2346
2359,2015-05-06,50,45,2484
2360,2015-05-07,50,42,2444
2361,2015-05-08,50,204,2904
2362,2015-05-09,50,33,4434
2363,2015-05-10,50,27,3472
2364,2015-05-11,50,39,2341
2365,2015-05-12,50,48,2290
2366,2015-05-13,50,50,2211
2367,2015-05-14,50,39,1936
2368,2015-05-15,50,204,2496
2369,2015-05-16,50,38,3329
2370,2015-05-17,50,44,3217
2371,2015-05-18,50,20,2353
2372,2015-05-19,50,19,2173
2373,2015-05-20,50,46,2301
2374,2015-05-21,50,50,2116
2375,2015-05-22,50,204,2438
2376,2015-05-23,50,32,3374
2377,2015-05-24,50,24,3122
2378,2015-05-25,50,35,2206
2379,2015-05-26,50,27,2092
2380,2015-05-27,50,43,2229
2381,2015-05-28,50,33,2079
2382,2015-05-29,50,200,2516
2383,2015-05-30,50,44,3163
2384,2015-05-31,50,26,3334
2385,2015-06-01,50,46,2738
2386,2015-06-02,50,77,2003
2387,2015-06-03,50,234,1912
2388,2015-06-04,50,25,2595
2389,2015-06-05,50,207,2823
2390,2015-06-06,50,41,3671
2391,2015-06-07,50,42,3624
2392,2015-06-08,50,35,2628
2393,2015-06-09,50,27,2390
2394,2015-06-10,50,224,2317
2395,2015-06-11,50,29,2014
2396,2015-06-12,50,201,2499
2397,2015-06-13,50,39,3658
2398,2015-06-14,50,56,3246
2399,2015-06-15,50,57,2288
2400,2015-06-16,50,49,2272
2401,2015-06-17,50,234,2312
2402,2015-06-18,50,55,2180
2403,2015-06-19,50,229,2603
2404,2015-06-20,50,67,3884
2405,2015-06-21,50,56,3128
2406,2015-06-22,50,42,2273
2407,2015-06-23,50,63,2149
2408,2015-06-24,50,269,2141
2409,2015-06-25,50,19,2005
2410,2015-06-26,50,228,2328
2411,2015-06-27,50,40,2964
2412,2015-06-28,50,25,3085
2413,2015-06-29,50,18,2075
2414,2015-06-30,50,20,2404
2415,2015-07-01,50,230,2418
2416,2015-07-02,50,17,2421
2417,2015-07-03,50,200,2563
2418,2015-07-04,50,25,3431
2419,2015-07-05,50,42,3351
2420,2015-07-06,50,36,2664
2421,2015-07-07,50,30,2939
2422,2015-07-08,50,212,2303
2423,2015-07-09,50,25,2208
2424,2015-07-10,50,182,2437
2425,2015-07-11,50,22,2919
2426,2015-07-12,50,48,2915
2427,2015-07-13,50,20,2354
2428,2015-07-14,50,14,2206
2429,2015-07-15,50,210,2245
2430,2015-07-16,50,14,2270
2431,2015-07-17,50,203,2508
2432,2015-07-18,50,25,2952
2433,2015-07-19,50,17,2811
2434,2015-07-20,50,53,2381
2435,2015-07-21,50,40,2466
2436,2015-07-22,50,228,2267
2437,2015-07-23,50,53,2303
2438,2015-07-24,50,211,2401
2439,2015-07-25,50,34,2960
2440,2015-07-26,50,52,2724
2441,2015-07-27,50,50,2391
2442,2015-07-28,50,34,2161
2443,2015-07-29,50,249,2282
2444,2015-07-30,50,41,2079
2445,2015-07-31,50,216,2566
2446,2015-08-01,50,29,3347
2447,2015-08-02,50,36,3147
2448,2015-08-03,50,45,2694
2449,2015-08-04,50,30,2532
2450,2015-08-05,50,244,2513
2451,2015-08-06,50,39,2372
2452,2015-08-07,50,224,2631
2453,2015-08-08,50,31,2909
2454,2015-08-09,50,62,2587
2455,2015-08-10,50,32,2995
2456,2015-08-11,50,24,2519
2457,2015-08-12,50,229,2454
2458,2015-08-13,50,32,2167
2459,2015-08-14,50,216,2472
2460,2015-08-15,50,38,3328
2461,2015-08-16,50,24,2953
2462,2015-08-17,50,27,2566
2463,2015-08-18,50,29,2304
2464,2015-08-19,50,235,2326
2465,2015-08-20,50,35,2339
2466,2015-08-21,50,218,2483
2467,2015-08-22,50,67,3087
2468,2015-08-23,50,40,2807
2469,2015-08-24,50,35,2431
2470,2015-08-25,50,33,2409
2471,2015-08-26,50,231,2393
2472,2015-08-27,50,23,2258
2473,2015-08-28,50,193,2429
2474,2015-08-29,50,30,3144
2475,2015-08-30,50,47,2863
2476,2015-08-31,50,35,2568
2477,2015-09-01,50,35,2616
2478,2015-09-02,50,240,2569
2479,2015-09-03,50,23,2233
2480,2015-09-04,50,215,2307
2481,2015-09-05,50,43,3262
2482,2015-09-06,50,37,3155
2483,2015-09-07,50,44,2301
2484,2015-09-08,50,30,2239
2485,2015-09-09,50,227,2058
2486,2015-09-10,50,36,1976
2487,2015-09-11,50,212,2166
2488,2015-09-12,50,57,2922
2489,2015-09-13,50,70,2759
2490,2015-09-14,50,39,2133
2491,2015-09-15,50,39,2012
2492,2015-09-16,50,231,2023
2493,2015-09-17,50,38,1868
2494,2015-09-18,50,217,2259
2495,2015-09-19,50,57,3085
2496,2015-09-20,50,54,2924
2497,2015-09-21,50,32,2058
2498,2015-09-22,50,38,1974
2499,2015-09-23,50,237,1987
2500,2015-09-24,50,33,1920
2501,2015-09-25,50,232,2200
2502,2015-09-26,50,60,2966
2503,2015-09-27,50,59,2901
2504,2015-09-28,50,40,2027
2505,2015-09-29,50,37,2007
2506,2015-09-30,50,240,1890
2507,2015-10-01,50,34,2236
2508,2015-10-02,50,218,2411
2509,2015-10-03,50,37,3351
2510,2015-10-04,50,31,3295
2511,2015-10-05,50,28,2438
2512,2015-10-06,50,26,2221
2513,2015-10-07,50,239,2132
2514,2015-10-08,50,28,2044
2515,2015-10-09,50,226,3003
2516,2015-10-10,50,25,3226
2517,2015-10-11,50,30,2922
2518,2015-10-12,50,29,2157
2519,2015-10-13,50,23,2002
2520,2015-10-14,50,233,2015
2521,2015-10-15,50,23,1913
2522,2015-10-16,50,209,2370
2523,2015-10-17,50,27,2961
2524,2015-10-18,50,33,2943
2525,2015-10-19,50,27,2012
2526,2015-10-20,50,16,2007
2527,2015-10-21,50,227,1980
2528,2015-10-22,50,18,1921
2529,2015-10-23,50,190,2193
2530,2015-10-24,50,11,2960
2531,2015-10-25,50,10,2861
2532,2015-10-26,50,10,1877
2533,2015-10-27,50,12,1918
2534,2015-10-28,50,217,1849
2535,2015-10-29,50,25,1795
2536,2015-10-30,50,210,2040
2537,2015-10-31,50,47,2717
2538,2015-11-01,50,55,2366
2539,2015-11-02,50,76,2561
2540,2015-11-03,50,52,2850
2541,2015-11-04,50,272,2115
2542,2015-11-05,50,54,2085
2543,2015-11-06,50,226,2225
2544,2015-11-07,50,81,3227
2545,2015-11-08,50,62,2912
2546,2015-11-09,50,63,2088
2547,2015-11-10,50,52,2042
2548,2015-11-11,50,263,1990
2549,2015-11-12,50,54,2309
2550,2015-11-13,50,158,2299
2551,2015-11-14,50,96,3032
2552,2015-11-15,50,79,2894
2553,2015-11-16,50,104,2094
2554,2015-11-17,50,80,1919
2555,2015-11-18,50,345,2028
2556,2015-11-19,50,107,2014
2557,2015-11-20,50,284,2369
2558,2015-11-21,50,102,3050
2559,2015-11-22,50,88,2905
2560,2015-11-23,50,89,2056
2561,2015-11-24,50,63,2024
2562,2015-11-25,50,311,2137
2563,2015-11-26,50,93,2126
2564,2015-11-27,50,287,2663
2565,2015-11-28,50,75,3306
2566,2015-11-29,50,84,3270
2567,2015-11-30,50,85,2508
2568,2015-12-01,50,85,2391
2569,2015-12-02,50,301,2318
2570,2015-12-03,50,67,2260
2571,2015-12-04,50,225,2500
2572,2015-12-05,50,59,3708
2573,2015-12-06,50,62,3348
2574,2015-12-07,50,55,2374
2575,2015-12-08,50,41,2319
2576,2015-12-09,50,290,2278
2577,2015-12-10,50,51,2370
2578,2015-12-11,50,222,2527
2579,2015-12-12,50,84,3628
2580,2015-12-13,50,79,3238
2581,2015-12-14,50,51,2603
2582,2015-12-15,50,101,2651
2583,2015-12-16,50,312,2728
2584,2015-12-17,50,54,2906
2585,2015-12-18,50,226,2932
2586,2015-12-19,50,81,4014
2587,2015-12-20,50,72,4210
2588,2015-12-21,50,40,3890
2589,2015-12-22,50,45,4585
2590,2015-12-23,50,282,5162
2591,2015-12-24,50,51,5425
2592,2015-12-26,50,32,4050
2593,2015-12-27,50,42,3083
2594,2015-12-28,50,36,3061
2595,2015-12-29,50,45,3259
2596,2015-12-30,50,267,3495
2597,2015-12-31,50,26,2948
2598,2016-01-02,50,31,3669
2599,2016-01-05,50,61,2528
2600,2016-01-06,50,286,2301
2601,2016-01-07,50,41,2070
2602,2016-01-08,50,229,2426
2603,2016-01-09,50,52,3198
2604,2016-01-10,50,36,2977
2605,2016-01-11,50,48,2221
2606,2016-01-12,50,39,2066
2607,2016-01-13,50,264,1938
2608,2016-01-14,50,60,2047
2609,2016-01-15,50,242,2290
2610,2016-01-16,50,57,2913
2611,2016-01-17,50,51,2904
2612,2016-01-18,50,82,2080
2613,2016-01-19,50,93,1984
2614,2016-01-20,50,314,2075
2615,2016-01-21,50,13,1857
2616,2016-01-22,50,199,2192
2617,2016-01-23,50,14,2621
2618,2016-01-24,50,13,2771
2619,2016-01-25,50,11,2001
2620,2016-01-26,50,17,1959
2621,2016-01-27,50,235,1933
2622,2016-01-28,50,73,1825
2623,2016-01-29,50,264,2162
2624,2016-01-30,50,88,2755
2625,2016-01-31,50,88,2835
2626,2016-02-01,50,92,2297
2627,2016-02-02,50,89,2241
2628,2016-02-03,50,301,2301
2629,2016-02-04,50,116,2259
2630,2016-02-05,50,315,2327
2631,2016-02-06,50,134,2999
2632,2016-02-07,50,122,2143
2633,2016-02-08,50,127,2334
2634,2016-02-09,50,147,2445
2635,2016-02-10,50,351,2599
2636,2016-02-11,50,145,2470
2637,2016-02-12,50,304,2604
2638,2016-02-13,50,142,3137
2639,2016-02-14,50,145,3318
2640,2016-02-15,50,134,2099
2641,2016-02-16,50,55,2122
2642,2016-02-17,50,268,2024
2643,2016-02-18,50,64,1910
2644,2016-02-19,50,242,2373
2645,2016-02-20,50,68,2892
2646,2016-02-21,50,77,2862
2647,2016-02-22,50,62,2087
2648,2016-02-23,50,61,1938
2649,2016-02-24,50,273,1882
2650,2016-02-25,50,27,1820
2651,2016-02-26,50,271,2208
2652,2016-02-27,50,98,2967
2653,2016-02-28,50,86,2842
2654,2016-02-29,50,54,2104
2655,2016-03-01,50,61,2100
2656,2016-03-02,50,276,2184
2657,2016-03-03,50,65,1957
2658,2016-03-04,50,253,2332
2659,2016-03-05,50,76,3065
2660,2016-03-06,50,70,2788
2661,2016-03-07,50,69,2067
2662,2016-03-08,50,57,2334
2663,2016-03-09,50,296,1974
2664,2016-03-10,50,60,2023
2665,2016-03-11,50,251,2337
2666,2016-03-12,50,78,3050
2667,2016-03-13,50,69,2819
2668,2016-03-14,50,68,2037
2669,2016-03-15,50,59,1957
2670,2016-03-16,50,269,2063
2671,2016-03-17,50,89,1872
2672,2016-03-18,50,265,2204
2673,2016-03-19,50,100,2914
2674,2016-03-20,50,97,2755
2675,2016-03-21,50,91,1942
2676,2016-03-22,50,86,2130
2677,2016-03-23,50,307,2198
2678,2016-03-24,50,77,2385
2679,2016-03-25,50,249,2367
2680,2016-03-26,50,88,3073
2681,2016-03-27,50,80,2504
2682,2016-03-28,50,81,1983
2683,2016-03-29,50,78,1947
2684,2016-03-30,50,293,1945
2685,2016-03-31,50,80,1925
2686,2016-04-01,50,261,2443
2687,2016-04-02,50,76,3294
2688,2016-04-03,50,78,3161
2689,2016-04-04,50,62,2264
2690,2016-04-05,50,59,2342
2691,2016-04-06,50,284,2079
2692,2016-04-07,50,119,1898
2693,2016-04-08,50,308,2338
2694,2016-04-09,50,139,3008
2695,2016-04-10,50,144,2890
2696,2016-04-11,50,151,2030
2697,2016-04-12,50,163,2265
2698,2016-04-13,50,379,2149
2699,2016-04-14,50,60,1902
2700,2016-04-15,50,247,2313
2701,2016-04-16,50,73,2994
2702,2016-04-17,50,61,2694
2703,2016-04-18,50,77,2547
2704,2016-04-19,50,70,2303
2705,2016-04-20,50,339,2191
2706,2016-04-21,50,126,2160
2707,2016-04-22,50,313,2152
2708,2016-04-23,50,148,3358
2709,2016-04-24,50,144,2884
2710,2016-04-25,50,143,2056
2711,2016-04-26,50,127,2023
2712,2016-04-27,50,375,1981
2713,2016-04-28,50,145,1848
2714,2016-04-29,50,355,2287
2715,2016-04-30,50,169,3428
2716,2016-05-01,50,199,3362
2717,2016-05-02,50,136,2185
2718,2016-05-03,50,149,2118
2719,2016-05-04,50,357,2199
2720,2016-05-05,50,158,2216
2721,2016-05-06,50,323,2675
2722,2016-05-07,50,145,4047
2723,2016-05-08,50,153,2980
2724,2016-05-09,50,127,2124
2725,2016-05-10,50,155,1963
2726,2016-05-11,50,305,1924
2727,2016-05-12,50,94,1885
2728,2016-05-13,50,300,2263
2729,2016-05-14,50,124,3128
2730,2016-05-15,50,118,2830
2731,2016-05-16,50,102,2016
2732,2016-05-17,50,118,2095
2733,2016-05-18,50,318,1941
2734,2016-05-19,50,111,1769
2735,2016-05-20,50,281,2250
2736,2016-05-21,50,118,3014
2737,2016-05-22,50,111,2783
2738,2016-05-23,50,92,2016
2739,2016-05-24,50,106,1857
2740,2016-05-25,50,321,1883
2741,2016-05-26,50,197,2076
2742,2016-05-27,50,404,2920
2743,2016-05-28,50,236,2833
2744,2016-05-29,50,214,2635
2745,2016-05-30,50,250,2184
2746,2016-05-31,50,244,2567
2747,2016-06-01,50,404,2426
2748,2016-06-02,50,202,2086
2749,2016-06-03,50,332,2364
2750,2016-06-04,50,179,3193
2751,2016-06-05,50,164,3009
2752,2016-06-06,50,145,2055
2753,2016-06-07,50,130,2207
2754,2016-06-08,50,381,2072
2755,2016-06-09,50,150,1922
2756,2016-06-10,50,326,2386
2757,2016-06-11,50,206,2997
2758,2016-06-12,50,181,2566
2759,2016-06-13,50,165,2025
2760,2016-06-14,50,167,2048
2761,2016-06-15,50,396,2091
2762,2016-06-16,50,172,2158
2763,2016-06-17,50,352,2537
2764,2016-06-18,50,199,3682
2765,2016-06-19,50,189,2843
2766,2016-06-20,50,167,1989
2767,2016-06-21,50,171,2147
2768,2016-06-22,50,428,1910
2769,2016-06-23,50,133,1953
2770,2016-06-24,50,317,2169
2771,2016-06-25,50,178,2910
2772,2016-06-26,50,167,2634
2773,2016-06-27,50,145,2034
2774,2016-06-28,50,124,1911
2775,2016-06-29,50,345,1965
2776,2016-06-30,50,131,1970
2777,2016-07-01,50,344,2519
2778,2016-07-02,50,143,3077
2779,2016-07-03,50,145,2998
2780,2016-07-04,50,153,2346
2781,2016-07-05,50,192,2555
2782,2016-07-06,50,445,2104
2783,2016-07-07,50,0,2051
2784,2016-07-08,50,360,2331
2785,2016-07-09,50,188,2988
2786,2016-07-10,50,187,2756
2787,2016-07-11,50,176,2092
2788,2016-07-12,50,162,2093
2789,2016-07-13,50,340,2006
2790,2016-07-14,50,84,1916
2791,2016-07-15,50,278,2278
2792,2016-07-16,50,111,2790
2793,2016-07-17,50,111,2528
2794,2016-07-18,50,103,2181
2795,2016-07-19,50,90,2403
2796,2016-07-20,50,308,2150
2797,2016-07-21,50,97,1953
2798,2016-07-22,50,278,2333
2799,2016-07-23,50,100,3055
2800,2016-07-24,50,104,2611
2801,2016-07-25,50,100,2177
2802,2016-07-26,50,97,2122
2803,2016-07-27,50,306,2071
2804,2016-07-28,50,95,2015
2805,2016-07-29,50,271,2388
2806,2016-07-30,50,111,3071
2807,2016-07-31,50,96,2775
2808,2016-08-01,50,79,2498
2809,2016-08-02,50,104,2576
2810,2016-08-03,50,313,2310
2811,2016-08-04,50,128,2237
2812,2016-08-05,50,321,2548
2813,2016-08-06,50,136,2962
2814,2016-08-07,50,116,2630
2815,2016-08-08,50,114,2405
2816,2016-08-09,50,117,2260
2817,2016-08-10,50,361,2262
2818,2016-08-11,50,128,2165
2819,2016-08-12,50,312,2641
2820,2016-08-13,50,120,2746
2821,2016-08-14,50,126,2347
2822,2016-08-15,50,155,2385
2823,2016-08-16,50,148,2280
2824,2016-08-17,50,355,2287
2825,2016-08-18,50,160,2158
2826,2016-08-19,50,342,2538
2827,2016-08-20,50,150,2857
2828,2016-08-21,50,169,2570
2829,2016-08-22,50,146,2330
2830,2016-08-23,50,150,2466
2831,2016-08-24,50,353,2196
2832,2016-08-25,50,114,2061
2833,2016-08-26,50,289,2266
2834,2016-08-27,50,134,2824
2835,2016-08-28,50,136,2563
2836,2016-08-29,50,121,2172
2837,2016-08-30,50,120,2195
2838,2016-08-31,50,340,2152
2839,2016-09-01,50,101,2320
2840,2016-09-02,50,287,2524
2841,2016-09-03,50,110,3176
2842,2016-09-04,50,108,3022
2843,2016-09-05,50,92,2470
2844,2016-09-06,50,82,2336
2845,2016-09-07,50,310,2204
2846,2016-09-08,50,85,1988
2847,2016-09-09,50,262,2148
2848,2016-09-10,50,102,3048
2849,2016-09-11,50,95,2895
2850,2016-09-12,50,84,2043
2851,2016-09-13,50,67,2022
2852,2016-09-14,50,283,1989
2853,2016-09-15,50,154,1980
2854,2016-09-16,50,360,2284
2855,2016-09-17,50,182,2940
2856,2016-09-18,50,176,2810
2857,2016-09-19,50,159,1927
2858,2016-09-20,50,156,1976
2859,2016-09-21,50,386,1897
2860,2016-09-22,50,165,1906
2861,2016-09-23,50,361,2168
2862,2016-09-24,50,190,3035
2863,2016-09-25,50,190,2718
2864,2016-09-26,50,166,2102
2865,2016-09-27,50,166,1936
2866,2016-09-28,50,385,1877
2867,2016-09-29,50,175,1894
2868,2016-09-30,50,374,2240
2869,2016-10-01,50,169,3440
2870,2016-10-02,50,165,3180
2871,2016-10-03,50,154,2390
2872,2016-10-04,50,187,2263
2873,2016-10-05,50,417,2281
2874,2016-10-06,50,168,2063
2875,2016-10-07,50,378,2353
2876,2016-10-08,50,213,3286
2877,2016-10-09,50,202,2972
2878,2016-10-10,50,173,2102
2879,2016-10-11,50,199,2038
2880,2016-10-12,50,386,1985
2881,2016-10-13,50,185,1833
2882,2016-10-14,50,369,2273
2883,2016-10-15,50,210,3159
2884,2016-10-16,50,202,2931
2885,2016-10-17,50,195,2013
2886,2016-10-18,50,174,2022
2887,2016-10-19,50,354,1842
2888,2016-10-20,50,182,1899
2889,2016-10-21,50,371,2283
2890,2016-10-22,50,194,2937
2891,2016-10-23,50,207,2895
2892,2016-10-24,50,185,1977
2893,2016-10-25,50,178,1932
2894,2016-10-26,50,525,1922
2895,2016-10-27,50,243,1838
2896,2016-10-28,50,431,2220
2897,2016-10-29,50,295,2734
2898,2016-10-30,50,288,2601
2899,2016-10-31,50,271,2143
2900,2016-11-01,50,303,2279
2901,2016-11-02,50,508,2739
2902,2016-11-03,50,286,2934
2903,2016-11-04,50,0,2921
2904,2016-11-05,50,288,3005
2905,2016-11-06,50,271,2956
2906,2016-11-07,50,257,2376
2907,2016-11-08,50,251,2212
2908,2016-11-09,50,512,2214
2909,2016-11-10,50,276,1914
2910,2016-11-11,50,466,2410
2911,2016-11-12,50,313,3057
2912,2016-11-13,50,283,3095
2913,2016-11-14,50,259,2128
2914,2016-11-15,50,269,2192
2915,2016-11-16,50,578,2303
2916,2016-11-17,50,236,2039
2917,2016-11-18,50,427,2397
2918,2016-11-19,50,286,3291
2919,2016-11-20,50,272,3380
2920,2016-11-21,50,273,2220
2921,2016-11-22,50,280,2478
2922,2016-11-23,50,531,2277
2923,2016-11-24,50,258,2245
2924,2016-11-25,50,464,3469
2925,2016-11-26,50,290,3471
2926,2016-11-27,50,294,3298
2927,2016-11-28,50,289,2355
2928,2016-11-29,50,253,2010
2929,2016-11-30,50,489,2237
